Date,1,2,3,4,5,6,7,8,9,10,11,12,13,14,15
1991-12-31,812.712266,484.6220412,349.7033226,529.0504566,1174.222292,867.0763409,800.4956743,198.4587095,318.2542065,1300.776845,413.4839941,1037.334371,2816.695786,276.9348822,341.3971623
1992-01-31,899.2661223,533.5204052,376.3507157,515.1893346,1258.648875,864.6485271,793.7715107,203.757557,326.3378634,1317.166633,430.1473991,1048.122648,2730.504894,302.9390677,352.9705261
1992-02-29,1028.041031,577.9626549,370.8559953,508.9555436,1314.40702,889.8097993,819.172199,204.5522115,344.7433189,1349.700649,416.4256971,1077.470083,2771.462468,304.2417056,360.4887983
1992-03-31,1042.947626,600.3876059,363.1421906,503.9677793,1248.81811,877.797367,795.4981225,187.9834823,341.2958857,1343.222086,412.9693638,1085.982096,2808.877211,281.3323052,344.7354378
1992-04-30,1158.714812,607.2320247,366.3741561,538.4895722,1250.691337,837.6820273,800.5893105,187.8706923,357.9169953,1393.861559,423.871755,1154.724763,2862.245878,270.1915459,326.6368274
1992-05-31,1137.39446,597.0305266,368.2426643,529.3352495,1241.811428,835.8391268,797.3068943,178.4207964,358.0243704,1385.637775,414.5465764,1144.563185,2965.859179,295.6706087,320.2020819
1992-06-30,1187.894774,552.7905646,344.4541882,535.8990066,1206.295622,820.7104386,811.8976104,170.5524393,346.5675906,1364.16039,394.4825221,1091.226541,2803.03351,322.5175,306.0491498
1992-07-31,1179.104353,592.4809272,368.1181909,564.6767832,1239.106862,855.9189165,804.2657729,180.0180997,356.5833939,1349.018209,406.1592047,1137.167178,2930.571535,319.808353,325.6362954
1992-08-31,1050.935709,583.6529613,356.5592797,558.747677,1173.68202,856.3468759,782.1484642,174.4375386,352.7679516,1303.286492,387.7601928,1082.810587,2968.08285,305.3530154,322.2822416
1992-09-30,1034.436019,595.5594817,368.3613919,568.8610099,1202.202493,893.0841569,833.2227589,183.0721968,350.9335583,1312.539826,379.2294685,1083.351992,2905.456302,305.3224801,340.9101551
1992-10-31,1038.677207,596.1550412,377.4599182,565.8460466,1203.044035,933.2729439,827.6401664,185.7633581,353.3549998,1340.890687,392.7300376,1091.693802,2964.727611,290.7280656,343.3987993
1992-11-30,1123.848737,630.6724181,394.4456146,590.120842,1283.046463,998.9753592,894.0169077,198.1723504,378.3725338,1394.392225,397.7962551,1115.492727,2985.480704,271.1620668,379.6273726
1992-12-31,1159.811897,663.1520477,390.5800475,622.9905729,1286.510689,1000.773515,922.8042522,204.1175209,376.3293221,1395.507739,432.4045293,1126.201458,3072.059645,282.4695249,375.0718441
1993-01-31,1271.153839,680.2613705,398.9775186,630.2172635,1352.89464,998.7719678,928.8947602,205.3830495,387.2805054,1389.088403,416.7514853,1100.749305,3098.479357,271.6791891,370.1208958
1993-02-28,1271.153839,703.7984139,411.7049014,666.265691,1362.635482,981.093704,907.4372913,201.8709994,387.4354176,1395.061483,424.9198144,1111.536648,3025.665093,284.1764318,343.9903605
1993-03-31,1350.855185,724.4900873,416.1513143,687.9859525,1383.211277,1010.035968,965.3317904,203.5869029,392.2396168,1373.298524,439.8344999,1135.323532,3100.096454,321.3182914,361.3274747
1993-04-30,1401.917511,689.7145631,395.2189032,668.2407557,1345.44961,916.5066376,967.262454,197.072122,383.9241369,1364.646743,447.3996533,1172.902741,2815.507599,325.8810112,338.1663836
1993-05-31,1408.22614,690.1973633,400.8310116,696.5073397,1467.347344,970.2139266,993.9588977,203.201065,392.3320755,1369.013613,469.0090566,1192.724797,2905.040741,344.6517574,347.9393921
1993-06-30,1462.302023,659.9667188,408.3265516,728.8252802,1459.423668,936.5475033,1022.386122,201.2706549,387.6633238,1351.764041,474.7309671,1142.749628,2963.43206,351.4069318,305.6995499
1993-07-31,1502.222869,640.4977006,399.5475307,744.4950238,1416.95444,937.6713603,1045.492049,195.7357118,390.8421631,1325.404643,491.0617123,1154.748499,2963.728403,371.0505793,292.9824486
1993-08-31,1491.406864,696.8614982,414.3307893,785.2189016,1528.043668,972.2714335,1049.046722,208.2236503,404.013544,1353.23814,507.3649612,1192.3933,3027.448564,337.7673424,299.5745537
1993-09-30,1501.250149,673.9347549,406.9971344,781.4498508,1525.445994,968.9657106,1039.710206,205.0794731,400.1350139,1313.182291,503.8641429,1163.775861,2982.33958,305.6118914,286.6628904
1993-10-31,1639.515288,688.6939261,437.1963217,801.689402,1544.361524,1015.476065,1048.859656,197.6761042,429.0647755,1307.535607,507.643124,1194.150411,3045.863413,328.6244668,306.4712962
1993-11-30,1668.042854,689.6580975,443.4045095,753.2673621,1545.751449,1030.403563,1053.369752,196.5295828,429.6225597,1389.256583,517.7452222,1208.002556,3032.461614,322.4463268,311.3748369
1993-12-31,1742.771174,693.5891487,450.8537053,749.9529857,1610.36386,990.9391064,1127.316309,202.4844291,445.3037831,1435.935604,551.6575342,1244.121832,3161.037987,367.7177911,311.5305243
1994-01-31,1891.603832,646.6331633,461.9897918,765.0270407,1684.601634,991.434576,1162.601309,213.864054,442.7210211,1528.409857,564.1801603,1343.029518,3005.198814,374.2631678,313.3374014
1994-02-28,1800.050207,650.0603191,456.3997153,722.7210454,1713.913702,1019.591318,1147.371232,205.844152,429.4836626,1501.204161,574.8995833,1331.076555,3054.183555,369.1731887,321.5468413
1994-03-31,1676.206753,646.4199813,433.3971697,695.6912783,1651.698635,975.6469321,1098.263743,195.0167496,410.1568978,1413.834079,547.5343631,1289.147644,2957.365936,378.1440972,320.5500461
1994-04-30,1678.385821,664.2611728,440.5048832,705.5700944,1610.240999,977.8909201,1056.529721,198.4490444,404.9479052,1402.947557,545.508486,1321.891994,3011.485733,340.7078316,316.8957755
1994-05-31,1643.643235,628.3246433,444.5575282,717.282558,1621.512686,953.2480689,1092.240426,195.6906027,409.037879,1448.823942,562.5283508,1369.083538,2946.136492,347.2153512,312.364166
1994-06-30,1587.101908,593.8296204,430.1094085,722.3752641,1539.788447,937.424151,1036.42694,194.0468016,392.6763639,1427.815995,551.3902894,1332.802824,2811.203441,332.6670279,304.8986624
1994-07-31,1655.029869,593.7108545,441.8083844,745.4912726,1618.471636,945.7672259,1112.811605,198.8203529,400.0979472,1514.627207,552.437931,1387.31446,2965.53851,336.0269649,311.6674127
1994-08-31,1625.073829,616.4499802,472.5140671,754.1389714,1766.885485,988.8942114,1116.372602,207.3497461,413.9413361,1599.597794,578.4025137,1472.079374,3118.856851,350.3753163,329.3077882
1994-09-30,1536.994827,580.6958814,466.8438983,745.8434427,1750.276762,964.2707455,1094.491699,200.07177,401.3575195,1610.954938,548.1520623,1456.033708,3196.516386,372.5190363,320.6469934
1994-10-31,1519.473086,578.779585,472.3526563,745.1721836,1871.395914,975.263432,1108.610642,202.5526599,405.0901444,1560.854239,559.2795491,1459.819396,3316.066099,339.0668269,328.4066507
1994-11-30,1442.283853,561.8792211,461.6774863,704.5602996,1829.102366,951.0768989,1048.413084,190.4805214,395.1249269,1489.991457,542.8367304,1344.785628,3344.915874,305.0584241,315.6644726
1994-12-31,1510.648108,573.6786847,466.7097709,710.9013423,1882.146335,904.3790232,1145.391295,195.813976,405.2796375,1546.015136,571.281375,1394.946131,3408.469276,313.8441067,320.6835377
1995-01-31,1416.987925,573.6786847,479.4509476,740.7591986,1870.477027,911.8853691,1151.118251,200.2393719,406.2928366,1529.781977,572.0240408,1357.003597,3505.269803,294.1346968,307.4393076
1995-02-28,1486.278635,594.2163816,495.4166642,751.9446625,1992.43213,931.3085274,1219.840011,202.5221007,429.5327869,1653.847295,607.2607218,1437.066809,3675.976443,307.106037,313.8033013
1995-03-31,1511.991255,566.8230065,505.1763725,754.0501076,2076.114279,967.9089526,1217.400331,208.4762505,435.0308065,1700.320404,652.5623716,1517.97367,3764.199877,341.1026753,321.5542428
1995-04-30,1549.18624,572.4345542,525.3329097,766.0395043,2268.777684,934.225721,1254.044081,211.1238988,425.6341411,1716.303416,678.0775603,1565.182651,3885.783533,334.689945,317.5669702
1995-05-31,1634.236565,595.2174495,538.8864988,770.8655532,2347.277392,960.3840412,1296.556175,221.1311717,442.787197,1752.174157,715.1684029,1614.95546,4212.966507,330.3055067,319.5041287
1995-06-30,1650.57893,603.4314503,538.1320577,800.6209635,2584.587136,1010.900242,1285.794759,226.8363559,454.6096151,1821.910689,750.3546883,1635.303899,4207.48965,332.2543092,330.047765
1995-07-31,1690.52294,625.6377276,533.773188,841.7728811,2810.221593,1051.538431,1337.612288,240.832159,469.1116619,1858.531093,800.1032041,1677.98533,4308.048653,359.0007811,354.7353378
1995-08-31,1695.425457,616.6285444,538.8974106,878.2216468,2806.568305,1014.419125,1337.478526,235.7265173,480.0888748,1876.930551,789.3818212,1670.769993,4237.82746,354.4055711,358.3181647
1995-09-30,1688.813298,603.8026706,567.8362016,927.6655255,2840.247125,1046.779095,1424.949622,232.1199016,492.6672033,1862.478186,830.903305,1719.222323,4630.250283,358.7647596,375.1591185
1995-10-31,1597.448498,550.8491764,583.5652644,926.5523269,2841.667249,961.2572429,1418.394854,222.7654695,476.5569857,1806.976336,814.4514195,1620.36704,4812.219119,323.5699367,362.4037084
1995-11-30,1684.828931,589.0230244,620.5049456,952.495792,2799.89474,1027.391741,1497.115768,234.9507407,508.2480253,1927.682355,886.6118153,1726.663117,5046.092968,357.3506381,365.0854959
1995-12-31,1762.162579,571.7057474,609.2117556,990.0241262,2675.579414,1011.056213,1596.97339,236.7598614,514.5503008,1922.863149,920.8350314,1763.095709,5005.724224,364.9622066,386.8080829
1996-01-31,1816.613403,549.2948821,626.5742906,1013.091688,2733.104371,996.2947918,1681.61298,243.4601655,512.0290043,1946.129794,926.9125426,1858.831806,5168.910834,419.268583,377.6794121
1996-02-29,1848.404137,550.6131899,623.8173638,990.8036712,2918.135537,1051.389894,1668.832721,247.136414,523.9592801,1925.890044,955.8322139,1910.135564,5458.886732,430.6307616,384.7420171
1996-03-31,1956.90546,565.3696233,631.9269895,972.2756426,2783.901302,1138.12956,1719.231469,259.4932347,525.3739702,1984.822279,991.675922,2022.451535,5562.60558,428.9082386,428.9488749
1996-04-30,2015.416933,584.9314123,656.4457567,998.5270849,3077.88128,1187.752009,1725.764549,266.4736027,540.3471283,2039.20641,1002.981027,2004.856207,5513.09839,433.5404475,452.155009
1996-05-31,2043.229687,618.6819548,677.7802438,999.1262012,3206.536717,1248.446137,1832.416798,277.9852623,559.2052431,2068.570982,1028.857938,1997.438239,6047.317624,445.9397043,488.5534873
1996-06-30,1935.551482,624.745038,686.0491628,1003.422444,3002.921636,1234.962918,1890.137927,274.482648,556.632899,2041.058988,1038.632088,1950.49844,6442.812197,396.663367,489.1397514
1996-07-31,1859.677864,602.3166911,663.2723305,917.7301672,2777.702513,1140.858744,1800.167362,255.3786557,517.6685961,2002.687079,1026.168503,1891.788437,6070.417652,385.3187947,467.9600002
1996-08-31,1920.861266,623.819397,674.4816329,909.2870496,2918.53203,1219.463911,1829.870123,268.4540429,536.4599661,2082.394025,1068.138795,1961.973788,6200.324589,397.3407411,494.9612922
1996-09-30,1941.414482,623.757015,717.2437685,923.1082128,3228.771985,1259.584274,2013.040122,282.1451991,548.9058373,2178.808868,1123.468385,2078.122636,6245.586959,382.5993996,530.3510246
1996-10-31,1946.268018,615.8353009,724.774828,916.3695228,3188.089458,1234.896422,2127.984713,283.4712815,551.4856947,2239.161874,1152.566216,2108.671039,6294.302537,377.8169071,529.025147
1996-11-30,2074.52708,620.2693151,763.9126687,968.1444009,3633.465555,1260.829247,2276.730845,302.6622873,582.2585965,2356.717872,1206.506315,2216.424129,6466.766427,386.7711678,526.4329238
1996-12-31,2004.200612,631.1240281,766.8919282,993.6065986,3546.625729,1206.487507,2208.656593,294.4298731,570.031166,2375.807287,1266.71098,2170.54415,6500.393612,376.7151174,540.3833963
1997-01-31,2080.360235,665.8358497,816.2030791,1016.856993,3910.864191,1210.589564,2303.40796,315.1577361,574.3063997,2404.554555,1290.018462,2252.590719,7238.838326,364.3588616,575.184087
1997-02-28,2080.360235,680.5508219,839.6281075,1040.041332,3596.039624,1278.745757,2281.525585,300.8810907,588.0323227,2519.973173,1272.216207,2277.369217,7437.182497,425.0610479,593.1298305
1997-03-31,1980.294908,661.2231786,788.7466442,960.9981912,3408.326355,1271.712655,2213.30797,287.9432038,592.2073522,2407.58237,1259.239602,2228.178042,6951.53448,378.9419242,559.5586821
1997-04-30,2025.049573,639.1383244,855.3957356,985.4075452,3613.507602,1293.586113,2433.753444,290.7362529,587.7065763,2495.699885,1272.713466,2300.37101,7741.92395,356.7359275,536.6167762
1997-05-31,2158.09533,685.475853,925.1104881,1050.838606,3982.085377,1376.7637,2653.52138,314.4603311,629.1986606,2687.369636,1361.930679,2405.037891,8239.72966,383.7765108,563.5012767
1997-06-30,2238.376476,701.7216307,963.6875954,1090.560306,4020.711605,1467.492427,2834.491538,328.2336936,667.5797789,2777.396519,1414.092625,2553.428729,8245.497471,387.6910312,583.7873226
1997-07-31,2419.908809,722.9837961,1006.378956,1120.550714,4778.615743,1597.512256,3078.824708,338.7371718,700.0241561,2937.096818,1531.320903,2733.445454,8398.039174,394.9796226,601.9431083
1997-08-31,2454.029523,728.4061746,923.2520541,1095.002158,4747.076879,1551.02465,2787.567891,336.7047488,682.2435426,2844.284559,1419.381345,2609.347031,7339.046434,397.665484,564.7430242
1997-09-30,2594.154608,773.4216761,970.4302341,1200.998367,4934.586416,1634.779981,3021.444837,354.6511119,731.5015263,2893.77511,1469.627445,2624.220309,7934.2431,419.9347511,593.3754956
1997-10-31,2495.057902,741.8660718,934.4272724,1240.991612,4398.690331,1607.479155,2863.121127,320.0016982,724.2596612,2721.884869,1303.853469,2512.166102,7462.155635,359.8000947,546.2021437
1997-11-30,2440.166629,734.8925307,986.1011006,1368.317352,4427.721687,1712.929788,3208.413535,327.3937375,752.7230659,2799.458587,1383.12776,2591.299334,8006.146781,322.0930448,554.2859354
1997-12-31,2557.05061,739.4488644,1015.486913,1430.712623,4218.290451,1701.110572,3205.525963,348.1505004,799.5424406,2620.85313,1356.018456,2587.153255,8342.404946,305.6662995,504.566487
1998-01-31,2578.018425,740.5580377,1023.610809,1499.959114,4432.157777,1730.709896,3358.750104,336.5919038,794.2654605,2673.270192,1368.222622,2522.474423,8173.054126,302.7624697,506.6352096
1998-02-28,2896.661502,771.2171404,1116.759392,1539.258043,4862.520298,1921.434127,3408.123731,361.3650679,844.3836111,2831.527788,1534.051204,2726.794852,8556.370364,309.0296528,565.506221
1998-03-31,3075.675183,828.2100871,1164.109991,1690.259256,4758.462363,2059.393097,3738.030108,379.6862769,889.3048192,2904.014899,1533.744393,2878.950004,9621.638474,340.6433863,589.596786
1998-04-30,3124.885986,840.2191334,1176.449556,1639.044401,5115.822887,2056.304007,3695.042762,397.8352809,903.7115572,2972.259249,1547.548093,2958.984815,9325.292009,353.1790629,605.5748589
1998-05-31,3427.687438,817.9533263,1162.214517,1612.000168,4756.69212,2136.499864,3603.036197,384.2293143,896.7529783,2831.968612,1501.276405,2992.125445,9593.860419,310.1265351,600.851375
1998-06-30,3508.238093,759.3878682,1204.86779,1663.745374,4975.975627,2276.654255,3838.31446,394.2961223,950.2891311,2634.863597,1465.996409,2891.290817,10237.60845,292.7284365,613.7696795
1998-07-31,3471.752417,686.2588165,1162.93839,1727.466822,5158.096335,2219.054902,3758.861351,382.3883794,924.5362956,2459.118195,1387.565602,2631.942031,9777.939834,273.3205412,551.2879262
1998-08-31,2780.179335,584.3493822,1035.945518,1524.662217,4260.587572,1925.473939,3337.492994,312.7936944,828.3845209,2086.315877,1117.267822,2319.530512,7845.818923,219.1210779,429.1776505
1998-09-30,2850.239855,552.5023409,983.0087023,1677.433371,4823.837249,1916.616758,3335.824247,337.7859106,825.6508519,2190.631671,1183.298351,2335.303319,7451.958813,297.1500937,440.0358451
1998-10-31,3189.703421,569.1879116,1165.258516,1791.834327,5319.727719,2152.552281,3672.742496,363.6265327,886.5013197,2401.370437,1351.918366,2374.536415,8626.387522,300.8941849,470.222304
1998-11-30,3343.128156,624.4560578,1177.959833,1857.594647,5865.531783,2392.13135,3818.183099,361.3720482,960.6128301,2554.818008,1475.88928,2480.678193,9125.855359,299.3596245,486.0217735
1998-12-31,3483.873851,659.3631514,1241.569664,2123.6022,6692.571764,2638.999306,4276.365071,357.7221905,1051.390743,2550.985781,1395.158136,2367.063131,9097.565208,294.2405749,504.4906008
1999-01-31,3740.983742,608.9218703,1215.620858,2310.266833,7577.329751,2734.003281,4387.550563,335.2930092,1041.087113,2481.598968,1397.390389,2243.739142,8947.455382,286.0312629,539.6535957
1999-02-28,3560.294227,557.7724332,1200.182474,2242.807042,6648.349124,2705.296246,4188.355767,338.0424119,1039.421374,2440.652585,1447.696443,2268.869021,8827.55948,282.427269,550.1768408
1999-03-31,3511.518196,521.2941161,1259.591506,2228.004515,6989.409434,2806.744855,4574.522169,330.7745,1069.87642,2477.99457,1511.684626,2348.05255,8681.904748,282.3142981,558.3744758
1999-04-30,3880.92991,568.7318807,1312.872227,2413.597291,7438.129519,2797.201923,4442.318478,388.3623405,1131.929252,2976.319277,1730.274223,2865.798137,9118.604557,339.454712,606.3946807
1999-05-31,3647.29793,582.3245726,1273.354773,2438.457344,7462.675347,2701.257897,4328.595125,388.0128144,1115.403085,2859.945194,1696.533876,2699.295265,9061.157348,304.5927131,590.9316163
1999-06-30,3600.977246,603.1135599,1290.290391,2581.107098,8441.032085,2942.480227,4784.829051,400.7396347,1160.35383,2962.045237,1813.255406,2767.047576,8670.621467,330.1480417,600.327429
1999-07-31,3340.986689,580.3761787,1276.613313,2539.551274,8641.084545,2759.752205,4646.069009,329.5682755,1155.480344,2972.116191,1813.436732,2766.770871,8693.165082,301.5242065,540.9550463
1999-08-31,3482.978623,530.9281282,1310.060582,2347.307242,9326.32255,2586.715742,4753.85781,302.6425474,1046.402999,2857.392506,1771.183656,2606.851515,8358.478227,303.4539614,480.8008451
1999-09-30,3247.877566,458.7749956,1182.198669,2451.762415,9080.107634,2659.919797,4979.666056,282.2141755,1060.320159,2752.240462,1662.964334,2464.778107,7109.72158,321.4791267,503.3984849
1999-10-31,3337.843775,470.565513,1318.506176,2685.415373,9389.739305,2826.962761,5599.136513,258.5081847,1167.942655,2879.393971,1663.463224,2519.989137,8276.426891,308.3306305,504.6569811
1999-11-30,3238.042246,480.5885584,1320.088383,2800.619692,10736.22792,2943.999019,5406.526217,255.0700259,1073.456094,2866.436698,1590.769881,2501.593216,9008.890671,311.2906045,452.3745178
1999-12-31,3331.621667,492.8916255,1375.136069,2917.685595,12653.71823,3183.934939,6353.208958,279.0976223,1210.429092,3057.341382,1645.492365,2667.699006,8213.405624,332.147075,470.1075989
2000-01-31,3311.631937,455.2347053,1285.614711,2799.811097,12572.73443,2721.309192,5559.693159,267.5988003,1199.293144,2788.906809,1492.461575,2418.802689,8026.139976,311.2882387,416.6093542
2000-02-29,3041.402771,428.6489985,1136.869089,2699.297879,15727.2335,2614.361741,5519.663368,265.9664476,1190.778163,2470.413651,1387.840018,2242.471973,7091.897283,301.8873339,363.3666787
2000-03-31,3334.289857,451.58172,974.7515565,2903.634728,16444.39535,2989.784087,6451.934511,265.5409013,1344.74578,2676.940233,1526.762804,2515.380812,7101.116749,312.2722582,454.4263684
2000-04-30,3726.735774,480.8442154,1016.568398,2674.247585,15408.39844,2822.356178,6488.710538,287.2887011,1246.041439,2647.761584,1604.93306,2421.557107,7362.437846,297.6891437,473.9667022
2000-05-31,3153.936485,465.0725251,1044.930657,2395.858411,13613.32002,2736.55655,6515.314251,302.5437311,1172.151182,2611.48725,1593.859022,2419.13555,8236.359218,300.725573,450.0787805
2000-06-30,2770.733202,419.1233597,1018.493911,2496.005293,15447.03423,2677.99424,6565.482171,307.4146852,1170.979031,2470.728088,1428.575841,2262.375567,8734.658951,286.1704552,419.608447
2000-07-31,2898.18693,439.4508426,991.6056717,2311.051301,14931.10329,2622.024161,6528.715471,303.3568114,1157.04438,2581.910852,1528.719008,2261.470616,9308.526044,267.5121416,444.7010321
2000-08-31,3042.22682,423.4108868,1026.31187,2288.865208,16851.24317,2483.843487,6974.626737,342.8842039,1189.673032,2635.872788,1685.106962,2303.760117,8300.412673,281.4762754,455.9519683
2000-09-30,2889.507034,446.9101911,1008.556675,2195.708394,13838.24089,2547.181496,6210.90511,338.975324,1181.702223,2481.67423,1810.310409,2193.870759,8753.615205,265.3758324,450.3437591
2000-10-31,2952.787238,433.3688123,1109.412342,2186.486419,12911.07875,2503.115256,5549.443715,321.4502997,1160.667923,2746.717038,2066.650363,2301.15104,9540.565212,251.8151274,469.5734376
2000-11-30,2562.724043,431.3319789,1111.298343,1847.362375,9701.384573,2485.59345,5022.246562,295.3806804,1099.500723,2743.970321,2051.357151,2281.821371,9941.268951,261.963277,488.6850765
2000-12-31,2600.652359,459.5842235,1146.304241,1766.447903,8907.811315,2592.722527,5326.594704,292.7222543,1213.958749,3057.057335,2052.793101,2560.203578,9685.778339,277.1571471,566.1416611
2001-01-31,2987.889496,522.0417194,1100.795963,2020.639757,10164.70349,2850.698419,5514.623497,283.0331477,1248.07099,2930.189455,1936.810291,2454.46717,9225.703868,281.53623,586.7492176
2001-02-28,2964.583958,513.8978686,1088.907366,1820.798485,6943.508955,2673.670047,4722.172101,286.9673084,1249.693482,3001.979097,2001.887116,2429.186158,8649.097376,288.6027894,518.0995591
2001-03-31,2896.991443,492.5197173,992.4301737,1717.195051,5984.610368,2619.394545,4160.705838,264.9856126,1167.463651,2819.15857,1816.312181,2309.913118,7836.947133,281.3299991,511.8823644
2001-04-30,3104.70573,520.3470813,1009.996188,1760.296647,6934.368034,2749.840393,4612.558492,298.8242753,1224.902862,2977.877197,2045.89404,2457.978549,7664.534296,301.867089,546.9974946
2001-05-31,2971.824325,531.9508212,1064.333983,1737.76485,6478.086617,2794.937776,4794.293296,302.6791085,1265.569637,3029.990048,2094.995497,2521.640193,8025.533861,331.9330511,567.0176029
2001-06-30,3099.612771,552.0585623,1073.380822,1685.631904,6381.563127,2725.064331,4417.941273,300.4392831,1275.567638,2895.155491,1809.238111,2461.120829,7629.072488,318.1246361,553.1256716
2001-07-31,3215.848249,601.2469802,1120.716916,1674.33817,6100.774349,2872.762818,4205.438297,273.2795719,1270.082697,3056.415652,1870.39036,2378.181057,7690.105068,300.3732815,556.3891131
2001-08-31,2758.876213,585.9151822,1131.812013,1519.629323,5418.097699,2630.876189,4095.676358,259.0143782,1216.23119,3005.984794,1765.46146,2354.637064,8159.201477,307.5522029,537.1380498
2001-09-30,2268.072135,481.4465052,1072.618245,1482.398405,4092.289192,2368.314745,3544.39832,230.0565707,1116.743479,2748.371897,1339.279064,2128.82737,7896.47519,301.0628514,446.3080056
2001-10-31,2215.679669,508.3593648,1085.060617,1343.201195,4889.467127,2451.916256,3638.679315,228.1010899,1116.966828,2774.756267,1396.600208,2201.633266,8002.287957,288.8999122,480.1381524
2001-11-30,2610.956921,544.3512079,1150.27276,1425.002148,5884.473687,2774.098052,4000.727907,241.2169026,1223.860553,3038.080637,1509.305845,2442.932272,8003.088186,300.3114587,526.4714841
2001-12-31,2504.690975,613.374941,1170.287506,1464.047206,5650.860082,2912.248135,4214.366778,251.8304463,1267.674761,3112.209804,1587.336957,2418.258656,8132.738215,311.7232942,564.2721366
2002-01-31,2584.590617,635.2110889,1201.183096,1359.514236,5839.033723,2977.482493,4260.724812,235.4866503,1274.77374,3114.699572,1673.211886,2386.821293,7826.947258,318.1136217,594.9121137
2002-02-28,2730.361528,677.1350208,1231.573028,1327.021846,4858.076057,2990.285668,4236.864753,241.7505952,1364.772766,3276.35248,1812.255794,2498.285848,8464.060765,331.9197529,589.0819749
2002-03-31,2946.060088,690.6777212,1288.348545,1331.135613,5323.965551,3036.037038,4460.147526,240.469317,1433.011404,3340.241353,1868.435723,2627.447226,9166.577808,359.1371726,618.1237163
2002-04-30,2990.840202,750.7666829,1290.281068,1161.948277,4883.6736,2969.547827,4403.503652,211.1561073,1403.204767,3418.403001,1805.843127,2493.972907,9627.656672,361.4356505,627.2101349
2002-05-31,3019.851352,756.6226631,1288.08759,1196.92292,4733.256453,2931.83457,4505.224586,208.6011184,1397.451627,3430.025571,1815.955848,2538.365625,9579.518389,389.5192006,616.1085155
2002-06-30,2734.777384,726.8873924,1249.960197,1024.56602,3846.717519,2781.138273,4174.090579,199.0471872,1338.618914,3338.443889,1809.055216,2511.458949,9553.653689,354.6182802,605.3266165
2002-07-31,2381.444146,563.1923516,1217.461232,904.9991651,3498.589584,2448.514135,3806.770608,208.6213569,1267.939835,3141.141855,1659.808161,2278.646705,8858.1477,319.7593032,545.4598142
2002-08-31,2338.578151,546.8597734,1238.036327,907.9856623,3380.687115,2496.994715,3782.787953,200.4642618,1310.035438,3121.038547,1499.802654,2321.713127,9069.85743,342.8779009,534.3324339
2002-09-30,2023.103959,505.4078026,1205.971186,823.5429957,2778.924809,2260.029917,3439.310807,171.1363403,1262.743158,2800.819992,1357.621362,2063.306456,8568.294315,316.4763025,504.4098176
2002-10-31,1833.134497,525.0176254,1242.994501,999.4517796,3206.879229,2405.575843,3636.383317,173.070181,1333.709324,2912.012546,1356.263741,2181.121255,8534.021137,290.0188836,549.6553783
2002-11-30,2160.165691,582.0870412,1218.134611,1116.987309,3893.79276,2475.337543,4060.74925,183.4197778,1320.37223,3133.907902,1452.965346,2386.582877,8272.88009,303.2147428,575.8739398
2002-12-31,1965.102729,555.0199938,1217.647357,1015.67656,3257.547023,2276.815472,3906.846853,170.5620514,1306.376285,2973.138426,1412.282316,2284.198472,8008.147928,334.0213607,548.5199277
2003-01-31,1915.18912,533.8182301,1188.058527,979.8231774,3227.903345,2160.925564,3710.332456,161.7951619,1321.007699,2932.40643,1363.27612,2146.461304,7539.671274,330.3137236,527.1825025
2003-02-28,1793.957649,512.3587372,1154.43647,916.7225648,3339.911591,2149.904844,3696.233193,164.335346,1257.335128,2885.194686,1246.170701,2056.095283,7477.092002,305.7714139,514.7937137
2003-03-31,1725.069675,507.6962727,1229.359397,911.2222294,3263.093625,2267.71963,3563.908045,172.6342809,1229.422288,2907.987724,1178.005164,2126.619351,7551.862922,292.5009346,547.6375526
2003-04-30,2054.040462,567.858281,1272.018168,1012.823508,3614.202498,2487.461662,3944.889815,196.2506506,1329.620205,2998.135344,1284.968033,2338.855962,7718.003907,311.7767461,586.8484014
2003-05-31,2130.450767,591.7651146,1308.397888,1075.213436,4117.660907,2549.648203,4217.087212,194.3077691,1416.17848,3078.485371,1430.811904,2358.736238,8505.240305,348.2858031,611.7307736
2003-06-30,2199.690417,580.6399305,1275.426261,1096.395141,4121.778567,2620.528423,4213.713542,195.6873543,1393.944478,3118.505681,1522.670028,2333.026013,8574.132751,366.9539222,607.2039659
2003-07-31,2333.651564,658.8521291,1287.542811,1078.304621,4473.778457,2733.735251,4535.641257,196.1570039,1377.774722,3266.32285,1588.14484,2516.868463,8418.083535,407.539026,625.1164829
2003-08-31,2529.91166,700.6892393,1301.190764,1092.753903,4842.417802,2950.79383,4838.622093,203.1794247,1390.174695,3384.89037,1714.878798,2559.40354,8247.19644,442.3428588,660.2480292
2003-09-30,2402.910095,679.9488378,1328.906128,1031.013307,4720.873115,2779.057629,4542.498421,202.73243,1389.757642,3313.130694,1598.610015,2405.583387,8119.364895,446.3681788,654.7019458
2003-10-31,2621.094331,702.5231393,1387.776669,1099.678794,5341.195842,3053.072711,4996.294013,200.9078381,1495.101271,3573.874079,1775.895866,2564.833007,8582.168694,508.5472661,730.5819013
2003-11-30,2720.958025,696.6921972,1375.84179,1092.750817,5505.704674,3038.72327,5363.521623,200.9681104,1526.797418,3608.540658,1770.568179,2638.187231,8783.849658,565.860543,755.7139187
2003-12-31,3143.250711,705.0525036,1407.623735,1173.505103,5505.154104,2940.268636,5656.369903,217.4876891,1570.463825,3933.309317,1963.914224,2890.661749,9366.21889,591.0979232,762.515344
2004-01-31,3037.951812,713.0901021,1439.154507,1190.168875,5777.108717,2934.388098,5632.047513,230.6456943,1591.822133,3795.643491,2011.440948,2834.871978,9094.598543,532.3427896,752.2976384
2004-02-29,2993.29392,787.4653998,1482.041311,1180.766541,5618.815938,3132.459295,5491.246325,226.1019741,1608.695447,3926.593191,1996.958573,2910.563059,9330.148645,554.8608896,795.4795228
2004-03-31,2936.421336,769.4324421,1505.30936,1151.955837,5476.098013,3128.387098,5464.339218,215.3847405,1605.478056,3952.901366,1902.502433,2861.956656,9310.555333,570.1195641,821.9689909
2004-04-30,3041.838862,742.5792499,1539.028289,1146.080863,5031.438854,3027.965872,5367.07398,212.2832003,1604.193674,4001.917343,1950.064993,2844.212525,9345.935443,466.4718274,804.4610514
2004-05-31,2953.625535,706.5641563,1562.267617,1112.271477,5377.098704,3049.46443,5425.038379,219.6069707,1611.252126,4023.927888,1967.810585,2861.562221,9556.21899,494.6000785,804.7828358
2004-06-30,3110.167688,727.6904245,1598.199772,1118.500197,5440.548468,3039.096251,5796.653508,230.5873192,1579.993835,4231.562567,2143.929632,3016.94505,9535.195309,505.5307403,841.9638028
2004-07-31,2996.646568,713.7915374,1513.814824,1104.295245,4889.420909,2935.463069,5296.40231,232.1783717,1511.580102,4007.712907,2164.296964,2916.48078,8579.768739,516.8040758,798.8552561
2004-08-31,2894.46092,721.0008319,1581.785109,1118.430224,4608.768148,2913.740642,5302.757993,229.9262415,1512.940524,4012.922934,2164.729823,3003.683555,8741.926368,553.4971652,802.0506772
2004-09-30,2955.534045,742.702957,1536.07152,1133.417189,4712.465432,2997.073624,5434.266391,235.6743976,1533.667809,4008.107427,2177.285256,3134.043422,8051.314185,593.1275622,824.9091215
2004-10-31,2828.741635,787.413675,1482.769838,1171.500007,4959.869867,3098.075005,5608.162916,238.9974066,1568.482068,3874.637449,2126.119052,3149.08683,8143.099167,578.7145624,863.9273229
2004-11-30,3058.152581,829.9340134,1542.970293,1211.565307,5226.710866,3171.189576,6051.207786,250.110786,1610.987932,4099.366421,2269.8447,3424.946836,8087.726092,603.2520599,899.5211286
2004-12-31,3209.836949,863.961308,1607.775046,1264.147241,5393.965613,3266.008144,6301.727788,258.5645305,1633.058467,4247.763486,2282.101862,3521.872832,8440.35095,586.9642543,951.8732583
2005-01-31,2953.049993,835.0186042,1587.195525,1214.466255,5078.418625,3233.348062,6239.340683,254.8670578,1578.187702,4113.109383,2255.85769,3470.101301,8383.800598,570.8814337,926.6486169
2005-02-28,2943.304928,836.1876302,1586.084488,1212.644555,5146.469435,3244.988115,6371.614706,253.2613953,1580.554984,4211.824009,2351.731642,3757.772699,8506.204087,633.6213033,945.0889244
2005-03-31,2692.241018,782.1699093,1576.567981,1211.310646,5025.012756,3259.590562,6235.262151,257.0603162,1556.846659,4185.289517,2405.82147,3680.738359,8421.992667,594.7803174,933.4643306
2005-04-30,2388.556231,732.5803371,1532.266421,1187.81122,4803.409693,3072.816023,5722.723602,256.2634292,1510.141259,3852.559001,2385.371987,3406.155277,8606.434306,538.9304456,864.7613559
2005-05-31,2632.905533,780.0515429,1557.242364,1204.678139,5257.331909,3275.929162,6121.597437,260.5942812,1500.174327,3872.592307,2510.842554,3413.648819,8813.849373,546.6371509,922.3544622
2005-06-30,2711.102828,793.5464346,1518.467029,1205.280478,5205.284324,3376.82778,5933.664396,252.7243339,1493.873595,3750.218391,2514.106649,3381.219155,8467.465093,573.8596811,977.3267882
2005-07-31,2915.791091,816.4005719,1569.487521,1240.35414,5545.18939,3581.125861,6314.60565,252.0167058,1534.955119,3937.354288,2575.702262,3537.43148,8608.025013,595.608963,1006.744324
2005-08-31,2794.202603,798.4397593,1553.007902,1226.214103,5460.347992,3345.487779,6345.547218,245.9179015,1559.667896,3825.139691,2574.156841,3323.063132,8649.343533,613.2985492,966.2732026
2005-09-30,2614.535375,762.5099702,1572.886403,1206.83992,5536.792864,3273.894341,6509.262336,247.1966746,1505.703387,3822.462093,2613.541441,3261.586464,8696.914923,701.0002417,952.5521232
2005-10-31,2440.668773,731.7808184,1520.981152,1169.66925,5285.976147,3348.866521,6267.768703,248.1113023,1411.446355,3852.659544,2496.19343,3337.581429,8747.357029,655.7156261,932.9295494
2005-11-30,2416.262085,768.9552839,1567.371077,1197.975246,5672.381004,3475.788562,6682.068215,259.7973446,1447.720526,4141.223744,2612.516044,3450.391681,8875.943177,702.5992933,988.9053224
2005-12-31,2379.534902,775.7220904,1591.351855,1178.92744,5594.669384,3437.902467,6645.31684,258.8620742,1423.833138,4201.68561,2683.053977,3470.403953,8685.997993,759.650356,989.4986656
2006-01-31,2501.129135,750.5111225,1635.750571,1221.133042,5830.764432,3460.592623,7105.837296,251.5103913,1425.826504,4097.063639,2736.983362,3582.845041,8628.670407,892.057413,1008.49704
2006-02-28,2439.351245,775.8033473,1654.234553,1261.430433,5863.416713,3505.926386,7326.118253,256.3645418,1445.50291,4134.346918,2874.379927,3573.171359,8796.92948,812.4858918,1016.060768
2006-03-31,2499.847156,760.9079231,1648.113885,1285.019182,6044.009948,3582.004989,7677.771929,269.8493167,1442.467354,4260.031064,2978.719918,3619.622587,8811.88426,868.2224239,1047.152227
2006-04-30,2470.848929,769.9627273,1671.681914,1305.065481,6019.229507,3529.349516,7767.60186,270.6318797,1405.251696,4503.278838,3132.421866,3726.039491,8890.31003,938.8957293,1033.329818
2006-05-31,2531.878898,781.435172,1605.316142,1303.499402,5593.669981,3476.762208,7444.469623,267.6008027,1370.120404,4389.796211,3092.640108,3642.576207,9231.697935,833.8332972,978.8733365
2006-06-30,2576.693154,792.6878385,1616.874418,1341.040185,5425.859881,3492.755314,7577.725629,261.365704,1364.639922,4265.125999,3085.217772,3600.322323,9151.382163,842.3383968,976.0346038
2006-07-31,2480.5825,764.4681514,1623.018541,1371.347693,5160.535333,3326.849437,7118.515456,260.8691091,1342.669219,4049.310623,2985.87376,3444.788398,9557.703531,819.1740909,948.315221
2006-08-31,2560.209198,777.46411,1729.650859,1402.065882,5620.339031,3398.3767,7176.175431,270.7299615,1396.913056,4148.518733,2967.361342,3579.135146,9772.75186,840.8822043,985.3943462
2006-09-30,2645.720185,791.847196,1761.822365,1450.016535,5788.387168,3616.892321,7432.364894,281.261357,1410.323421,4235.222775,3078.04392,3668.971438,9760.047283,777.816039,1074.178377
2006-10-31,2748.903272,795.9648014,1819.433956,1529.042436,5920.362396,3728.292605,7811.415504,284.2146012,1490.993921,4445.289825,3170.385238,3880.304193,9802.015486,841.9858622,1159.790393
2006-11-30,2776.117415,823.0276047,1828.531126,1539.592829,6156.584855,3642.541875,7952.802124,287.9946554,1521.708395,4563.534534,3310.199227,3989.340741,9755.946013,907.9975538,1212.328898
2006-12-31,2816.648729,804.6740891,1851.387765,1606.719076,6083.321495,3706.286358,7912.242834,300.8680165,1550.316513,4610.995293,3310.861267,4032.026686,9993.015502,879.6680301,1214.632323
