0,1,2,3,4,5,6,7,8,9,10,11,12,13,14,15,16,17,18,19,20,21,22,23,24,25,26,27,28,29,30,31,32,33,34,35
2001-12-31,8.415296106,15.27256498,353.7782823,16.97947464,353.7782823,13.94848329,26.92050015,89.64033413,7.131736259,26.88858376,17.88905241,23.88988231,6.276770268,1.407227617,6.190980021,33.12898408,42.39582443,26.04816682,20.72591964,13.77328319,22.74414656,10.45640731,1.407227617,89.64033413,5.203477831,17.17657975,38.59768724,6.942528931,20.2710516,16.97947464,15.27256498,12.61207472,22.28433445,38.59768724,16.03561833
2002-01-31,8.231320541,14.17125595,333.3140869,17.25809536,333.3140869,14.96937584,28.42688193,79.95449445,7.676859235,24.05200951,18.16829183,22.14344131,6.369216258,1.588432269,5.78856632,34.08155294,44.1859522,25.88246601,20.2613902,14.24480099,21.50431648,10.24461426,1.588432269,79.95449445,5.461665662,16.64628696,37.5592723,7.433356715,19.94999859,17.25809536,14.17125595,11.92725618,23.30208824,37.5592723,18.32642094
2002-02-28,8.513627874,15.35030445,318.1954099,18.84787242,318.1954099,15.1339454,32.03710208,72.80966981,6.985907183,24.91612182,18.32809968,23.05471319,6.262618496,1.394376224,5.717888004,34.36051954,45.68140874,27.53815886,20.46894591,14.30083706,18.47287098,9.963389556,1.394376224,72.80966981,6.603892208,18.37779214,39.89819346,7.40007595,20.1436879,18.84787242,15.35030445,10.05989915,22.97751913,39.89819346,20.23961873
2002-03-31,9.327609092,16.99837359,348.2218055,18.91343024,348.2218055,15.9406589,33.63338066,77.17290726,6.253233924,21.46497389,18.8267318,22.3960071,7.035452268,1.520962452,5.988188164,35.14278902,45.21197409,29.22512113,22.74460721,14.66467461,22.51479831,11.04141759,1.520962452,77.17290726,6.832026666,18.82142827,42.5515216,7.938441264,19.84239342,18.91343024,16.99837359,12.47330765,22.29313013,42.5515216,23.26373506
2002-04-30,9.199614456,18.05548638,304.4831216,18.99537751,304.4831216,16.50535836,31.08909384,62.15387223,5.960440362,15.38114568,19.58141826,18.89288834,7.544143854,1.559516633,6.042248196,35.41574272,41.19968797,26.7846935,22.66462617,14.85669998,22.38272456,10.7133221,1.559516633,62.15387223,6.800007795,18.19838044,41.837416,7.993256641,17.41451751,18.99537751,18.05548638,12.27501156,20.39142627,41.837416,23.95265752
2002-05-31,9.554799571,18.07174965,304.8551966,18.77411988,304.8551966,17.00011357,29.84326443,59.80630314,6.654082252,16.62018242,19.90944772,18.64737062,7.160160484,1.497187374,5.746580399,35.47033346,39.9015954,26.78024658,23.39445313,15.09606168,22.92475636,11.89045984,1.497187374,59.80630314,7.424375786,17.41540362,40.32704978,8.340825288,18.66926584,18.77411988,18.07174965,8.421266174,19.4788702,40.32704978,26.22106072
2002-06-30,9.677284525,18.28173455,273.5789455,15.4880343,273.5789455,16.24094819,31.4876178,53.52459697,5.350072595,13.72553625,18.99062011,17.50197309,7.11498597,1.138633488,5.683707528,32.98572572,40.62577223,27.44421963,22.58042186,15.24517128,21.6302569,10.77888711,1.138633488,53.52459697,6.424261784,16.30924062,34.35194167,8.566468874,17.43188427,15.4880343,18.28173455,8.366807662,19.70405945,34.35194167,22.1420536
2002-07-31,8.74150176,16.3033897,236.795815,14.52925122,236.795815,16.50049191,29.05257536,52.33516148,4.954419321,12.65679703,19.49097178,19.3997774,7.455795845,0.980561344,5.080127968,29.38603864,36.3202232,24.65419144,20.71895339,16.1963877,16.08988769,9.14184363,0.980561344,52.33516148,5.319965844,15.01535147,34.83836411,8.74818185,14.47066604,14.52925122,16.3033897,4.980478407,18.21218067,34.83836411,20.51903182
2002-08-31,9.583706249,16.64943682,248.819566,12.84933216,248.819566,17.02703057,26.0601092,56.15880021,4.702321659,13.47789525,18.74652092,18.1646984,7.644491912,0.94779029,5.234808833,27.06608822,39.49584255,23.92707973,21.70532934,16.59463291,17.01815044,7.988084597,0.94779029,56.15880021,6.126021275,14.65928274,35.83175524,8.74811078,13.59365598,12.84933216,16.64943682,5.954392771,18.69629333,35.83175524,23.98372079
2002-09-30,9.235928342,15.71827964,225.2671796,12.40681689,225.2671796,15.71223974,23.99329719,43.44149164,4.104043735,12.85666962,18.52998455,14.95007897,7.322327894,0.931726048,4.796988457,25.38714611,36.41468754,21.53099699,20.86041625,16.20263371,12.24146503,6.651081483,0.931726048,43.44149164,5.250217225,12.50271548,35.68000964,8.666733005,12.03257806,12.40681689,15.71827964,5.029828831,16.40164548,35.68000964,23.15872794
2002-10-31,9.284744031,15.23322848,282.0968088,13.68519433,282.0968088,16.46587915,20.9141691,58.81103328,5.556460241,13.45516171,19.61266639,15.31397542,6.774480806,1.032609489,4.420505236,30.29967912,39.602082,22.71891407,23.11047098,16.33852676,13.62520526,5.809838485,1.032609489,58.81103328,6.58005536,13.8410802,38.76110514,8.788799667,16.75482494,13.68519433,15.23322848,3.557561251,17.95590203,38.76110514,20.8100238
2002-11-30,9.063446241,15.02470564,296.8315,16.24194919,296.8315,15.16281927,24.06657045,64.87533214,6.850623132,14.48849188,18.5639155,16.44811934,7.286205274,0.995983017,4.280875046,29.18662968,39.86091913,23.64504025,22.72093986,16.41606674,16.52753814,7.815125527,0.995983017,64.87533214,8.750046279,16.90746394,37.74792779,9.036963151,18.58294672,16.24194919,15.02470564,3.936740693,17.8913202,37.74792779,19.70722723
2002-12-31,9.34161291,14.43214494,268.6599919,13.53207541,268.6599919,15.3793841,23.3173615,57.84443443,6.130846165,12.81001376,19.99765689,14.88173176,7.680561745,0.920802363,4.556991487,29.10831951,37.4095048,23.74016398,24.04966695,17.21296318,15.75927356,6.386701881,0.920802363,57.84443443,7.660896859,15.49116736,35.55666787,7.940254386,17.19410663,13.53207541,14.43214494,4.374156326,17.34657972,35.55666787,24.46990995
2003-01-31,9.59116039,13.31944764,264.0109497,14.51939422,264.0109497,15.54344836,22.32784025,58.36690029,6.148504132,13.05348703,18.64330834,14.14222886,7.639470358,0.922730072,4.473514423,27.9086872,35.40238229,23.20339438,21.72763014,16.83045289,15.53072073,6.322847295,0.922730072,58.36690029,7.681369592,15.01196742,35.49046666,7.637571059,17.14540818,14.51939422,13.31944764,3.586808187,17.31228187,35.49046666,24.40247651
2003-02-28,9.817723234,13.24043954,256.0245801,14.15433516,256.0245801,14.97913245,19.58740472,58.29289786,5.59757556,12.89301601,18.47646267,14.81788299,7.438808848,0.964497102,4.995288998,26.41948848,35.59494755,23.27324626,21.47884049,17.37498095,15.09154868,5.774543303,0.964497102,58.29289786,8.295551596,16.04280284,34.86126039,7.498011047,15.48819788,14.15433516,13.24043954,2.392920813,17.00435591,34.86126039,23.03694933
2003-03-31,9.922257861,13.40308097,264.5484938,14.12114798,264.5484938,14.86022424,17.81060821,58.65185348,5.518416186,11.69225014,18.22537228,15.71126886,7.634692703,0.908593539,5.185668137,27.68739272,38.60064651,23.90946375,20.29687929,17.79625808,15.77692324,5.219298755,0.908593539,58.65185348,8.54120489,16.79374255,38.4637014,7.073795429,15.83307678,14.12114798,13.40308097,3.687943275,17.76846848,38.4637014,22.07516825
2003-04-30,9.885827675,13.37659267,301.4086613,15.48182263,301.4086613,15.94030722,19.38840351,63.49027618,5.784577738,14.31263026,18.41487446,18.14497522,8.109797489,0.913734097,4.92606022,29.95775892,41.78336366,24.08048996,21.17387252,17.82326302,19.79429043,7.218179129,0.913734097,63.49027618,8.821379484,18.07651876,37.46006931,7.89465265,16.92924574,15.48182263,13.37659267,4.132588918,17.53467284,37.46006931,22.80960024
2003-05-31,11.17413152,15.08839921,316.616237,16.30320551,316.616237,16.05375077,21.92339627,65.95997343,6.920200361,14.3462543,20.66130732,17.68287907,8.309019596,1.15341259,5.619949746,30.59456895,39.03094393,25.07692615,22.75456092,18.6361656,22.16151222,7.358337947,1.15341259,65.95997343,9.834952278,17.92187174,36.27881582,8.503312059,17.14210678,16.30320551,15.08839921,5.051294373,17.76853029,36.27881582,25.03822143
2003-06-30,11.19770107,15.43876219,330.3553131,16.38617347,330.3553131,16.75173994,24.53247343,61.80937991,7.58727242,15.21487516,20.80068343,17.78573338,8.367328506,1.224737826,5.755370222,30.91314846,39.88222215,24.73935215,20.55275198,19.18461074,23.05174947,7.701727051,1.224737826,61.80937991,9.527442497,19.12811852,34.50993151,9.184270994,17.86674009,16.38617347,15.43876219,4.310790486,19.56142197,34.50993151,27.43802512
2003-07-31,10.91066611,14.95973143,348.493981,18.18657836,348.493981,16.79494879,23.67469463,60.87287416,7.540965124,14.83374918,19.08491541,17.63689879,8.897726574,1.354536903,5.622133947,32.00379212,41.54676804,24.51200639,18.99427466,19.95243392,23.87343066,7.823559939,1.354536903,60.87287416,9.183626094,23.31446424,34.57000683,9.685231231,16.00581512,18.18657836,14.95973143,4.268475978,19.10890298,34.57000683,30.51487082
2003-08-31,11.45803511,14.47737407,337.2146,17.00843323,337.2146,16.81540018,26.86727815,61.56553941,7.099264758,14.36382506,19.26478335,18.33766165,9.040840312,1.452850065,6.147996327,30.94093556,43.96927678,26.15032728,18.56875185,19.63835253,23.30809692,8.177247098,1.452850065,61.56553941,10.01624172,24.82107553,33.25041188,9.291899914,16.152154,17.00843323,14.47737407,4.545524786,17.21989703,33.25041188,33.21979011
2003-09-30,11.84480621,14.36176865,354.0169883,16.73463894,354.0169883,17.27150198,24.66845839,66.31001215,6.924046455,14.52801542,19.86421881,18.6021129,9.035905356,1.331404394,6.282463081,31.95097675,41.50218198,25.38732038,19.90585701,20.51228148,23.38302067,7.618421388,1.331404394,66.31001215,10.0964895,23.78787192,33.21017338,10.31942273,14.83510407,16.73463894,14.36176865,4.909595087,17.48464144,33.21017338,33.07594487
2003-10-31,11.85489262,15.51177992,371.4348121,18.78394772,371.4348121,18.88798042,27.65770356,67.17332602,7.979105187,14.51833413,19.7228885,18.10289484,8.743115895,1.470842016,6.518330993,33.33833097,43.87488891,25.37344753,19.90046101,20.64030929,24.68978871,8.649480631,1.470842016,67.17332602,9.94243997,25.44817598,33.7533931,10.48736195,15.546603,18.78394772,15.51177992,5.252249488,18.18678965,33.7533931,37.04438133
2003-11-30,12.33231598,15.61845842,368.5354264,19.15730357,368.5354264,19.3820634,27.70587726,68.09080277,7.775246381,15.07915271,19.91227787,17.89072717,9.244154055,1.343613218,6.582746002,33.54747984,41.41134553,25.28639499,20.3483293,22.28826449,24.34591978,9.412460373,1.343613218,68.09080277,9.773818187,26.41012259,33.21487765,10.53459219,15.19495364,19.15730357,15.61845842,5.24662095,19.4100335,33.21487765,40.73358879
2003-12-31,14.29695235,17.04595193,380.3680544,19.53781222,380.3680544,19.90946649,30.41223412,69.70019439,8.215152225,16.52799513,21.25129209,19.45763105,9.619932675,1.373171424,7.356402067,32.61261558,39.55214746,28.63928714,21.54449665,22.48575544,25.26061112,11.40904288,1.373171424,69.70019439,10.88305237,28.8306164,34.80487991,11.42521954,16.23139384,19.53781222,17.04595193,5.241212062,20.42765813,34.80487991,41.17307867
2004-01-31,14.90958217,16.53877188,390.8685322,20.09890669,390.8685322,19.40910971,30.13077301,74.62613606,8.508422788,16.21014907,21.65645506,21.12201847,9.409648478,1.449637217,7.220789941,33.06032201,40.14859831,28.49259811,21.38045226,23.52963618,26.99445044,10.43451436,1.449637217,74.62613606,12.62015496,27.25285139,35.99064431,12.64645855,17.23459355,20.09890669,16.53877188,5.679331956,21.17931269,35.99064431,35.28637024
2004-02-29,15.0280465,16.78060608,397.0301623,22.21766644,397.0301623,19.54162658,31.41951877,72.69039453,8.122163998,16.07723163,22.11147958,20.54989737,9.597841447,1.537026694,7.870464755,36.30619366,44.40576631,29.6373584,22.12412016,23.96770568,28.47293282,9.867577199,1.537026694,72.69039453,13.37778284,26.42267365,36.48042364,12.70789673,17.92191999,22.21766644,16.78060608,5.712893444,21.28530516,36.48042364,36.80251529
2004-03-31,15.67887831,16.98247059,408.4054793,21.13768586,408.4054793,19.30992115,29.75327729,69.18016408,8.198759109,14.16437625,22.07643762,19.28606604,9.979313683,1.737508437,7.541222206,37.78567531,44.60183867,29.22973052,22.7830318,26.69871005,29.11846737,9.738401643,1.737508437,69.18016408,12.77045957,27.58073671,34.32177865,12.91786916,17.08497147,21.13768586,16.98247059,6.242674194,20.35606946,34.32177865,39.54114031
2004-04-30,16.07042467,17.07362898,383.042754,19.47982815,383.042754,19.23836507,30.92689086,66.41566929,7.071609214,14.67296095,20.62970509,18.92587411,9.281024982,1.656544656,7.516585008,38.23475298,42.59180439,29.90442495,21.60374,21.65949279,26.31270047,11.09409679,1.656544656,66.41566929,12.52253028,27.23261146,36.56162658,10.90943721,17.82664255,19.47982815,17.07362898,5.893128132,20.7684178,36.56162658,31.71431798
2004-05-31,15.04899938,17.33697544,369.8206502,19.85200029,369.8206502,20.19494252,33.33291256,66.86798322,7.624415213,14.77233957,19.93833341,19.66521544,10.30995199,1.803050545,7.52371024,37.44886707,41.7416529,30.58904281,22.26259316,23.37256681,25.78084802,10.72573811,1.803050545,66.86798322,12.20316374,26.39878134,37.89553429,11.16062745,16.33400369,19.85200029,17.33697544,5.976767878,20.62220174,37.89553429,33.73674174
2004-06-30,16.58292427,17.12617027,370.3782088,21.56060875,370.3782088,19.65572382,37.18293674,66.53586997,7.60222556,14.48589531,20.19226022,20.59714574,10.22722419,2.090921766,8.539208023,37.96598493,39.51712914,31.40946569,22.73320395,24.88047435,27.13147333,11.30355565,2.090921766,66.53586997,12.77026529,27.83170789,37.888732,11.16527191,17.09449374,21.56060875,17.12617027,6.340667029,20.0036524,37.888732,32.92964265
2004-07-31,16.87751867,14.88022639,354.3546411,19.53057889,354.3546411,19.71754507,36.93548717,65.72068291,7.259945263,13.53987766,20.80676311,21.13750296,10.17474997,2.078070372,8.500844773,35.23198305,39.70437861,32.74618918,22.52572281,24.64848857,26.35645072,10.70183514,2.078070372,65.72068291,13.39907214,25.88280055,37.59623371,11.59256185,18.39883527,19.53057889,14.88022639,6.401316888,18.64984629,37.59623371,34.38242101
2004-08-31,17.69279154,15.16860287,374.3669581,18.9892376,374.3669581,20.34688693,38.15834324,64.06208596,6.445678449,14.03062432,21.72915491,20.84507435,11.1402755,2.216222855,8.242358172,35.23198305,39.54388869,32.79980186,23.17059662,27.00895875,27.94503936,10.25834876,2.216222855,64.06208596,12.3630179,25.60456661,39.72408155,11.97198195,18.73778631,18.9892376,15.16860287,6.08659046,19.16616918,39.72408155,37.7127667
2004-09-30,19.25965249,13.66698817,354.5957533,19.07382217,354.5957533,20.65165732,37.71990957,64.85633782,6.784572632,14.15938342,21.64676949,21.47504028,10.40563651,2.489957542,9.380880765,34.43936267,39.94180517,34.38643002,23.95461971,27.29666287,28.05094527,10.21472715,2.489957542,64.85633782,14.27871351,28.3340768,38.51389869,12.27895584,18.79984777,19.07382217,13.66698817,5.763901021,17.95178381,38.51389869,38.74605668
2004-10-31,19.22521721,13.87514954,359.827842,21.33223039,359.827842,20.68282702,36.4630664,67.88962351,6.752006683,14.01581553,22.37279102,21.82038042,11.22514672,3.367065166,8.660498206,35.0977102,40.48237095,35.0196583,24.24986508,28.6882114,27.48617058,9.545144268,3.367065166,67.88962351,15.69853216,28.51675406,39.91552291,13.14320543,18.83942858,21.33223039,13.87514954,5.847355186,16.98379547,39.91552291,40.43954784
2004-11-30,20.7334825,13.49891723,362.9095319,22.73633437,362.9095319,21.56309448,39.2939137,71.42342191,7.236877474,14.0576895,22.86472176,22.61338369,12.24222595,4.30842976,9.030879949,35.33131739,39.08590935,36.66364882,24.91416717,30.86143645,26.80969747,10.38757834,4.30842976,71.42342191,17.57870695,32.41505878,41.43462577,12.86068383,19.8657197,22.73633437,13.49891723,6.265230753,16.39048538,41.43462577,40.37676126
2004-12-31,20.19737078,14.29903112,390.7258379,23.72199347,390.7258379,21.69574748,37.973603,74.71265844,7.617191117,15.32587255,22.81257872,23.48183074,13.20605496,4.138148792,8.611850783,37.11876425,39.75372221,36.67080271,24.7739188,32.8792996,27.77812213,10.72455196,4.138148792,74.71265844,16.68170401,34.52531274,43.5640578,13.27291596,19.51880439,23.72199347,14.29903112,6.343826838,15.87108937,43.5640578,37.86973532
2005-01-31,20.20429243,14.24752164,397.7812858,24.43024004,397.7812858,21.39902366,37.11540103,70.80195325,7.115916738,14.180172,22.87515037,23.24379574,11.98586417,4.941360903,8.868305792,38.1853954,39.43761916,36.91403472,25.16451154,29.31836463,26.81713154,9.719968886,4.941360903,70.80195325,17.48518058,31.68737583,44.44330715,12.4436583,17.31514599,24.43024004,14.24752164,6.315756808,14.2597813,44.44330715,35.46503698
2005-02-28,24.31921255,14.69737108,390.4598262,23.84145675,390.4598262,20.892479,40.5070786,70.2995004,7.555439926,15.14205227,22.57946137,22.78563244,11.92113403,5.765135243,10.91157348,38.29916939,38.84304436,45.51046105,25.40001599,30.59989886,26.25679501,9.336188793,5.765135243,70.2995004,18.69252103,33.80342393,45.25436022,12.27448826,17.50002251,23.84145675,14.69737108,6.780933811,15.63464921,45.25436022,38.37284597
2005-03-31,24.73484051,14.40365065,367.7130048,24.51557095,367.7130048,21.04025336,43.07883964,69.38829495,8.001098672,15.57104055,22.27840188,23.34232687,11.2576501,5.355175782,10.81476611,37.87270219,37.82431559,42.84352359,26.41847629,28.57790554,24.85595369,8.361977789,5.355175782,69.38829495,18.44007076,32.51956953,46.33053098,11.4318349,17.27135944,24.51557095,14.40365065,6.86370875,15.62275522,46.33053098,36.10962723
2005-04-30,23.98066595,15.01546879,387.9015037,22.52736071,387.9015037,21.08951148,43.85994758,57.99822684,7.465017767,15.90129829,22.85939387,23.43295154,12.11790272,4.634212592,10.7340933,39.73669903,35.58248328,40.99607635,26.69149045,31.58989558,25.75200159,6.797093628,4.634212592,57.99822684,17.73231313,31.45713302,47.34461497,12.48880472,17.61596321,22.52736071,15.01546879,6.755304372,16.15798475,47.34461497,32.45165789
2005-05-31,25.40907953,15.42680414,389.1405417,23.41480219,389.1405417,21.42303924,47.2824433,57.52042917,8.208966778,15.50988171,24.33808424,23.61420089,12.610278,5.109624201,11.24665155,40.17948756,35.76280857,40.60393048,27.61509154,33.84880868,25.94066094,7.446212339,5.109624201,57.52042917,18.27592215,33.62215546,46.51679131,13.46672461,17.40929549,23.41480219,15.42680414,6.994935101,16.7061299,46.51679131,31.9124227
2005-06-30,26.84916584,14.52400281,381.8715186,21.48632359,381.8715186,21.83795326,48.83632642,56.49259887,8.60235808,15.44716055,25.04934884,22.57197605,13.15736164,4.730598045,12.37850677,38.69595755,36.49729775,41.52149261,27.46569303,34.66699832,25.6286474,7.640201839,4.730598045,56.49259887,20.44816559,34.05087278,45.06097519,13.39243227,17.0008807,21.48632359,14.52400281,7.579163948,16.51451837,45.06097519,33.4463442
2005-07-31,28.71635727,15.22324222,362.9257063,21.87884578,362.9257063,21.75284269,48.84372586,63.54275339,9.008509397,15.44716055,25.75526559,22.47426186,14.09376787,5.481119441,13.53587512,39.12647071,37.3680839,42.44627964,27.60076058,37.39429714,25.7453084,8.087869915,5.481119441,63.54275339,23.967371,38.70126701,44.33999958,13.79856372,17.04160624,21.87884578,15.22324222,7.883248497,15.86782947,44.33999958,32.17807391
2005-08-31,28.97811308,15.3067335,365.1783486,21.49485668,365.1783486,21.32238239,49.77902852,61.52776906,10.15744195,15.13178617,25.3910278,21.89449105,13.11357262,6.026018536,14.99495038,39.35607772,34.15234964,43.48666505,26.8784428,35.69344716,24.82949635,7.50801332,6.026018536,61.52776906,26.56508338,39.83552785,44.17297283,13.66048973,16.28486532,21.49485668,15.3067335,8.152908381,15.366914,44.17297283,33.91766086
2005-09-30,29.92589707,15.12130835,379.7788081,20.59034901,379.7788081,20.9468624,50.46978496,61.22249608,10.71515377,14.87824991,26.27871242,22.07848324,13.12464827,6.889632197,16.07218052,40.88146335,33.28638704,46.12926039,27.23228528,35.15495525,24.85880233,7.425176663,6.889632197,61.22249608,29.35870183,42.17583819,44.09631993,13.56998962,16.2749082,20.59034901,15.12130835,8.572512576,15.05933448,44.09631993,40.52112293
2005-10-31,27.63144985,14.97776271,381.9480192,20.7951432,381.9480192,21.52981247,48.01128624,62.48937894,10.28948327,13.2493294,24.62783553,22.23585882,12.42945423,7.401117669,14.02730858,42.58996393,35.93744799,40.75695118,25.65274147,34.06573296,27.10112017,6.343586458,7.401117669,62.48937894,25.32252303,37.92834509,43.63640256,12.79571085,15.88971184,20.7951432,14.97776271,7.632822227,13.11133086,43.63640256,36.59529016
2005-11-30,27.77857471,15.04346409,408.9798188,21.27299631,408.9798188,22.6735676,50.84281489,68.01011136,10.88762371,13.51218809,24.96240859,23.42273303,12.57548488,8.715815251,13.90269175,42.67647029,36.88696839,42.3420265,25.91401939,35.87337024,28.30742344,6.198720902,8.715815251,68.01011136,27.32668015,41.67141622,43.25716541,13.42803499,16.12672119,21.27299631,15.04346409,7.656795198,12.8965336,43.25716541,39.70285231
2005-12-31,28.10370148,14.20477951,408.811341,20.67427988,408.811341,22.66635247,52.37130544,62.88448992,10.53403211,14.38212516,25.39544115,23.1456133,13.16522401,9.238866978,14.29662871,42.77695128,35.65774932,40.9848635,25.94664678,36.42954652,29.37311468,5.886116281,9.238866978,62.88448992,26.60111708,41.66420414,42.10130593,13.06511512,15.1887693,20.67427988,14.20477951,7.442497602,14.18618696,42.10130593,45.96991139
2006-01-31,34.37672348,14.58183518,392.3847571,21.83003854,392.3847571,22.49679675,50.93228751,62.19597361,11.47227108,14.43969101,25.76817803,21.62678561,14.44391165,9.704087432,18.02496062,41.40125379,35.13202609,45.78601005,25.35189845,39.82840158,29.66996564,6.617277094,9.704087432,62.19597361,34.1830365,49.16645875,40.30797244,14.184544,16.1716041,21.83003854,14.58183518,7.401954813,15.62183882,40.30797244,53.20113341
2006-02-28,32.20596938,14.78974439,394.8521661,24.14155586,394.8521661,23.35534203,54.42461847,61.5369976,12.07200815,14.63610629,25.46083119,21.86918295,15.2056134,8.80191959,16.63684588,42.79867282,34.5605878,43.5493143,26.01272993,40.2428727,30.70748142,6.146818,8.80191959,61.5369976,29.25865282,52.917302,40.61576138,14.26534577,17.21361523,24.14155586,14.78974439,7.601004259,16.07708753,40.61576138,45.5566987
2006-03-31,32.72661975,14.86215197,402.1752815,24.05530521,402.1752815,23.23529121,58.34792293,63.24721077,12.13427388,15.59283878,24.14532715,23.13995081,16.22311052,8.060394169,17.9494129,42.02479003,36.12602106,44.64226492,24.37464567,41.92121886,31.08068853,6.139105556,8.060394169,63.24721077,31.41862984,51.99769371,41.72186277,14.74830069,17.39749955,24.05530521,14.86215197,6.99151741,15.29748077,41.72186277,44.75789435
2006-04-30,36.29069523,14.89409832,429.6652159,24.11568067,429.6652159,24.98876082,62.48086961,63.14751224,11.97568002,16.26418896,23.93440246,23.01353934,15.63110051,9.046096071,18.7011344,42.35202926,34.43595953,46.27068799,24.79416439,39.36314479,34.14473042,5.437273136,9.046096071,63.14751224,33.62593703,55.01925849,41.29210363,14.23938045,17.0742635,24.11568067,14.89409832,7.044261464,15.54916484,41.29210363,50.33861465
2006-05-31,35.00141123,15.62886437,424.0739769,26.30644708,424.0739769,24.33118554,62.54137182,61.49802194,11.94248596,15.73230256,24.80931044,22.79398259,15.52762136,7.681278053,17.77949482,43.9664095,37.18384461,44.90275548,24.57528506,38.80545473,32.08310501,5.601564843,7.681278053,61.49802194,32.16109771,52.99253904,42.68957693,13.8013288,16.13344728,26.30644708,15.62886437,7.114367468,14.66322043,42.68957693,44.98215822
2006-06-30,36.3612559,15.38067484,415.0419754,25.87519385,415.0419754,24.59147094,61.53469989,59.1273848,11.71560369,16.57178591,25.00058403,22.09399183,16.10250553,7.359993209,19.73393629,43.87820505,36.96895345,45.22712278,25.08342534,39.1455772,31.60155746,5.421626307,7.359993209,59.1273848,31.99725246,54.10396583,42.47690883,14.11271633,17.31205221,25.87519385,15.38067484,7.416980263,14.54546845,42.47690883,45.74380728
2006-07-31,38.20502509,15.90981009,415.5580897,25.60781684,415.5580897,26.51978246,58.16159767,59.58150036,11.80066015,15.53116114,26.36762767,21.91300343,16.18778343,8.733807203,21.47279695,46.31913118,34.15234438,49.93782065,26.05622387,40.38639437,34.59754321,5.257334601,8.733807203,59.58150036,28.76777637,51.70389835,44.34129919,14.47160365,17.69706948,25.60781684,15.90981009,8.152744705,16.10723157,44.34129919,44.27461264
2006-08-31,36.15915043,16.02064248,428.7955307,25.57331659,428.7955307,25.67571324,56.48722659,62.56978174,13.52028001,14.0927307,26.32068312,22.831352,17.73390566,8.71967067,19.87297112,47.70768197,34.45057746,50.1164387,25.69912061,42.77029008,34.62787863,6.597284949,8.71967067,62.56978174,28.19359262,48.40628835,46.10285886,16.13194858,18.40871982,25.57331659,16.02064248,8.666091058,17.23699411,46.10285886,44.29189729
2006-09-30,34.27391023,16.08517068,431.5759678,26.66007473,431.5759678,26.73229655,59.46619248,63.3193518,13.59820877,16.1467057,26.32068312,23.83432454,17.55371848,9.89300292,18.3021734,47.9134248,37.99424151,49.69429639,25.87916559,43.71763261,35.61377969,6.376587245,9.89300292,63.3193518,24.58944544,48.00503049,46.30250007,16.6466269,19.42910082,26.66007473,16.08517068,8.588126225,17.73734227,46.30250007,37.01705601
2006-10-31,33.44039381,16.8195876,435.8335121,27.13445328,435.8335121,26.81357219,60.22790274,71.34825179,14.35798877,16.21893725,27.5455634,23.7060378,19.00293654,10.41991006,20.56317012,46.57719383,37.96342704,52.89369074,28.32306655,45.87935383,36.23538426,6.526346401,10.41991006,71.34825179,27.96023057,44.4840877,48.05649068,16.83427004,19.57351746,27.13445328,16.8195876,9.283812427,16.66784808,48.05649068,39.19911404
2006-11-30,35.86257828,16.97124573,435.1255634,28.50583855,435.1255634,26.24033144,67.00094998,71.26157147,14.62483833,16.2713621,27.80349147,23.82082067,19.71327183,11.77958753,22.5629103,45.49793035,35.51367667,57.12950794,29.3579838,50.6378194,35.34935884,6.408115488,11.77958753,71.26157147,29.22662846,45.45129237,47.26173449,19.71473384,19.17815542,28.50583855,16.97124573,9.896481688,17.34822384,47.26173449,40.61918356
2006-12-31,34.93953906,17.48585536,488.7375254,29.82407641,488.7375254,26.47860914,67.23556304,75.31616262,15.29654292,17.24777488,27.71700197,25.3101949,18.66244525,10.90312247,22.11346898,46.14000971,35.70512835,56.99562809,30.50884913,50.11849003,36.89226517,5.919427714,10.90312247,75.31616262,26.8964675,44.9383808,47.34061161,20.013689,20.44059839,29.82407641,17.48585536,10.03569825,16.3448162,47.34061161,39.1781056
2007-01-31,33.17216938,17.35176694,478.9978727,30.6073174,478.9978727,26.95516454,67.7804708,76.86667549,16.07269672,19.06664186,27.83808727,24.52116437,19.43960257,11.01749987,21.5970896,48.1242883,36.87261955,55.11387239,29.22320459,55.84393606,39.17624685,6.408115488,11.01749987,76.86667549,25.58845894,47.18118542,47.89992208,22.17703724,21.37580197,30.6073174,17.35176694,10.44729504,16.55938136,47.89992208,39.13471899
2007-02-28,33.00044115,16.91688556,446.3303893,29.80667105,446.3303893,26.03964948,66.29561978,72.26948894,14.61323049,17.47058049,28.34659743,23.93355721,19.35660335,10.87356426,21.78323428,46.58259973,37.3519868,53.54204365,29.17908933,55.38267864,37.99165191,6.234710149,10.87356426,72.26948894,26.84922649,47.44628963,45.38866704,20.16382063,20.75428332,29.80667105,16.91688556,10.89328373,15.92385273,45.38866704,39.13471899
2007-03-31,35.45042992,17.52093265,454.9255943,29.96331925,454.9255943,25.8370355,67.54920415,73.29591164,14.93614917,18.38450775,29.79368598,24.24206768,18.15311469,11.94022995,23.73056706,47.10918781,36.47510753,56.35808027,30.53165792,53.96807558,37.21474224,6.218946027,11.94022995,73.29591164,27.56126937,49.36093115,43.46291237,19.79570729,21.04284555,29.96331925,17.52093265,10.96048851,16.11524519,43.46291237,36.52184437
2007-04-30,36.44974238,19.05036406,475.1287567,30.44196652,475.1287567,26.93265187,70.65657391,79.47777561,15.68035192,19.30732293,29.91038667,25.27043594,18.00392975,12.82569098,24.38367991,48.98436473,37.22869336,59.29363037,32.24627503,53.22524749,40.35683096,6.33717694,12.82569098,79.47777561,27.58731972,53.71120847,46.31908783,19.44407663,21.41293683,30.44196652,19.05036406,11.50423627,16.88081504,46.31908783,36.26960968
2007-05-31,39.51957275,19.34237961,487.6707116,30.84228969,487.6707116,27.29520944,76.70737402,83.21241325,17.00875383,20.27737207,28.8125209,25.7640527,18.19571595,15.57473262,29.85965144,50.64460042,37.15252561,62.39848969,33.70593049,51.16896113,40.14768807,6.573638767,15.57473262,83.21241325,31.29482802,58.11934401,45.93222545,18.17871408,24.41344003,30.84228969,19.34237961,11.66543877,17.72518981,45.93222545,35.38243937
2007-06-30,41.77045413,19.22056858,459.03158,29.7109416,459.03158,26.59940471,73.32916876,82.15859751,16.63210761,21.11362134,26.62885996,26.43334728,15.76242851,15.68384095,28.92148777,48.33408722,37.55058838,62.93116887,31.05516201,45.9133481,37.52952898,7.424901341,15.68384095,82.15859751,30.03258878,57.91225039,44.73437225,16.09764917,23.08985357,29.7109416,19.22056858,10.72259031,16.48719911,44.73437225,34.05618537
2007-07-31,40.93331304,19.14708142,416.788861,28.71883634,416.788861,25.54057143,78.87308575,86.37386047,17.1576852,19.17378206,25.77900272,26.76479991,14.01044856,16.93299642,26.62551909,48.90798463,35.86467545,63.86898433,29.87014545,42.24679278,34.3528423,6.707633801,16.93299642,86.37386047,31.3557637,58.5253811,43.92128401,15.15727492,24.13606432,28.71883634,19.14708142,10.15564875,15.15893825,43.92128401,36.40158063
2007-08-31,40.91166284,19.76069926,424.3593008,29.240997,424.3593008,27.88039067,73.99221813,91.41120514,18.39521539,19.67320475,27.45451499,26.8407578,15.23613527,17.79661009,26.11308773,50.704209,34.22698207,64.58841443,30.7911094,45.69622017,34.7509325,6.15588954,17.79661009,91.41120514,30.19132576,56.27497621,45.15862747,17.20664726,23.7169961,29.240997,19.76069926,10.10463067,16.20524046,45.15862747,36.84624664
2007-09-30,46.44045008,21.2451124,422.4583739,29.92850854,422.4583739,27.17842134,80.33550136,92.28074356,18.58952619,19.45048923,27.66965703,28.78188688,14.75678255,19.72303401,27.6297692,54.90362069,34.24267172,69.73409122,31.5398135,50.4848841,35.76567222,6.69186968,19.72303401,92.28074356,33.51682305,58.25057918,48.01621338,18.76214627,25.07613627,29.92850854,21.2451124,9.986265697,15.93776265,48.01621338,39.09122388
2007-10-31,50.04233892,22.83100996,379.2801771,30.1373728,379.2801771,25.949975,75.43839489,90.96468542,19.295174,20.43067627,28.14177429,28.61503536,14.59134157,24.41122246,28.65219665,55.24836087,35.4664648,69.30465699,32.29510218,47.01836502,36.98335988,6.991387993,24.41122246,90.96468542,34.40711366,55.67030909,47.62886797,19.25424959,26.33791824,30.1373728,22.83100996,10.44103637,16.05519193,47.62886797,44.48341819
2007-11-30,50.56414173,23.08061177,305.6594837,28.84937651,305.6594837,24.99379381,71.06488574,82.69134391,19.10102752,20.18542641,29.31701162,26.61976929,13.54032244,23.41780972,27.20246621,57.84140656,37.57672338,67.44216833,31.93699117,44.1147239,35.89746548,5.919427714,23.41780972,82.69134391,32.0330483,53.6482405,49.8143266,19.18404965,24.70287491,28.84937651,23.08061177,11.22610182,15.69342605,49.8143266,43.42595383
2007-12-31,55.98896054,22.80929379,270.2286847,28.392466,270.2286847,23.26742631,67.16376601,84.98701537,18.87615599,18.06674007,29.55905094,25.99036968,12.20042671,25.45604077,29.61613763,57.16180436,37.45654609,70.8687388,28.93523569,42.81996605,34.34731189,5.304626966,25.45604077,84.98701537,33.17052339,54.14070001,49.04953623,19.94682352,24.97728778,28.392466,22.80929379,10.77328427,15.01311339,49.04953623,42.76071799
2008-01-31,49.3057738,21.92843952,261.5086694,26.24631925,261.5086694,26.26544844,63.87699585,84.20868841,16.34836648,15.86841818,26.36413202,24.79146134,14.27270136,17.3956466,22.90554713,51.24981274,39.98622235,65.35445653,28.05980659,40.78819219,37.63421059,5.233688418,17.3956466,84.20868841,29.02311424,53.27449266,46.43159996,17.41762595,22.42618565,26.24631925,21.92843952,10.05632314,15.42922696,46.43159996,47.50704384
2008-02-29,56.26530559,21.72773855,220.1054509,28.50680988,220.1054509,22.75972014,63.89574596,89.8611161,17.86279659,15.58579214,25.08248142,23.44878156,13.97261829,16.06681249,25.99120349,52.38702387,39.07995204,66.09716985,26.2036336,39.90563678,32.27490845,5.146985749,16.06681249,89.8611161,33.58898196,54.28009655,45.8631448,16.99672051,20.97654038,28.50680988,21.72773855,9.341221554,14.92434823,45.8631448,44.80986974
2008-03-31,53.38725427,22.76870224,198.8468477,27.60085449,198.8468477,22.65849662,57.39735025,90.87132362,17.10303941,14.68276748,24.35251925,26.18706716,15.32924387,18.44175005,22.29493753,54.66539604,41.71112036,64.2512197,25.94782817,43.54320199,34.10104103,4.508538818,18.44175005,90.87132362,34.49228879,58.75278251,48.01714337,19.69359563,21.05162161,27.60085449,22.76870224,9.080329126,14.02004526,48.01714337,39.74675946
2008-04-30,60.71277064,22.02059308,234.5872942,28.52440125,234.5872942,23.16461424,65.49333256,95.25941255,17.36149533,15.36137104,25.51800506,23.13745193,16.0198006,22.35499945,22.28026981,51.88669793,45.90756945,70.70065047,26.89526751,48.12209645,38.14361215,6.51058228,22.35499945,95.25941255,40.26292851,61.72837239,49.66040001,20.79447986,22.58522595,28.52440125,22.02059308,9.684835971,13.47076494,49.66040001,38.79038048
2008-05-31,67.07517131,21.41836521,205.7119752,29.55349621,205.7119752,21.68974296,64.18252352,102.5607716,17.62744272,15.93471306,25.69109855,21.7364686,15.67760549,24.25700573,25.23864834,51.71255608,45.90653924,67.73021266,29.51740597,45.1764298,34.42130792,5.359801392,24.25700573,102.5607716,42.68368447,62.30132748,49.74874601,20.20933798,22.57935661,29.55349621,21.41836521,10.9039772,13.1767017,49.74874601,41.70338802
2008-06-30,65.7911603,19.57266182,157.5026361,27.44253219,157.5026361,18.68449021,50.96140444,93.92357453,16.58772166,14.35452651,24.31634485,19.09473008,14.18208613,21.51837372,25.47438586,48.45335216,44.68215284,67.24947771,28.66119349,40.16890555,27.46500174,3.791271279,21.51837372,93.92357453,46.62871829,55.65203285,47.95975904,18.76412846,20.77746878,27.44253219,19.57266182,10.3311,11.89033981,47.95975904,45.86347012
2008-07-31,57.715526,19.39192158,178.6470831,26.6948991,178.6470831,23.81387448,47.38666198,101.4117866,16.80909139,14.98938366,24.69580175,20.23941228,16.42460189,20.42729039,24.29569826,50.71638811,46.60618861,61.37382835,27.67520521,40.4270954,32.88742483,3.783389218,20.42729039,101.4117866,39.38004812,52.71676364,51.03830745,21.27702337,20.22219853,26.6948991,19.39192158,10.15086897,12.70707752,51.03830745,42.17047598
2008-08-31,58.10356645,19.60655062,181.5146125,28.45403578,181.5146125,24.08100471,51.14826701,96.83267538,17.60452161,15.14552307,25.80300461,20.10348127,15.93585101,21.78696785,22.25482397,52.17936084,47.15667189,61.3657915,28.47209984,42.61529209,31.15522967,3.515399149,21.78696785,96.83267538,38.68492038,53.63430224,52.83744963,21.65025383,20.8637959,28.45403578,19.60655062,10.33848401,13.22075776,52.83744963,39.65572282
2008-09-30,51.80956191,20.05127995,196.0434282,26.99395234,196.0434282,29.85662724,44.74303101,93.03827908,17.37972796,14.79775802,27.10261804,18.47150683,16.81688878,14.60689415,19.68714959,54.63881338,47.81129304,59.56339667,27.42514171,45.8611236,37.80070735,4.098671653,14.60689415,93.03827908,28.51626243,45.19446365,51.97470553,23.98742922,19.06375884,26.99395234,20.05127995,9.485624179,12.75723564,51.97470553,34.16340153
2008-10-31,40.84461418,16.70687206,132.0649316,22.78961568,132.0649316,27.08814702,40.89676871,73.95493165,14.38788898,14.80231541,27.32973495,14.13251366,12.9660606,13.82681455,14.3691009,43.70645083,44.55415369,56.84829978,24.13029667,27.13570156,33.64379782,1.726171331,13.82681455,73.95493165,17.42318103,29.25406098,46.01802017,17.88447252,17.9184967,22.78961568,16.70687206,7.499958171,12.25220408,46.01802017,23.21630537
2008-11-30,39.81504162,17.92120186,80.20646759,19.807879,80.20646759,23.22982179,33.52734359,65.29158068,13.26031147,14.91036151,25.83507798,12.43748127,9.92796037,11.9093866,13.05220427,43.46879078,44.61003598,61.80568028,25.42225873,25.05901351,25.82212458,2.120274374,11.9093866,65.29158068,15.49509783,31.39067957,44.29389225,12.58405884,19.71819741,19.807879,17.92120186,8.551976838,11.58063011,44.29389225,29.65940303
2008-12-31,44.39302424,17.30942625,64.91983082,20.2635008,64.91983082,23.70422798,33.55880251,67.339944,13.67126738,16.97415064,24.90120291,11.96064971,9.636816743,10.96866458,13.64050072,42.31914669,44.94772877,61.55892023,24.758783,32.8631264,25.71609565,1.804991939,10.96866458,67.339944,16.10094098,34.20887183,45.23905041,16.90659478,20.47310543,20.2635008,17.30942625,8.346941044,12.4828338,45.23905041,35.99560209
2009-01-31,40.36738577,16.33440887,34.43462539,18.46845291,34.43462539,15.19707968,33.27567223,73.33300698,13.0911144,15.63082001,26.06534854,8.955721047,8.197234256,11.5829612,13.5756884,38.811224,37.77982483,58.975651,23.94667826,24.84086428,21.05833582,1.473945383,11.5829612,73.33300698,15.27729548,23.87724219,43.62093963,14.20957588,18.29940956,18.46845291,16.33440887,8.849609443,10.27666385,43.62093963,35.18194229
2009-02-28,38.38416682,15.61939612,14.54984171,14.97659358,14.54984171,9.918916252,24.97415468,74.02002877,10.93626046,13.44060702,23.50847802,6.476644994,5.527717218,11.47757977,11.70452901,37.19634329,39.47959623,52.62008632,18.58123411,19.45629246,18.86252346,1.576412174,11.47757977,74.02002877,14.52450121,19.04761525,38.12455003,11.3454751,17.47847856,14.97659358,15.61939612,6.924255184,8.867226989,38.12455003,36.81810602
2009-03-31,41.44213842,16.97883145,24.54073302,16.21794511,24.54073302,11.67317086,28.26273611,77.92894261,12.11557669,16.00315621,25.71584685,7.69434558,6.016895733,13.50938513,13.22355254,40.13221408,42.01252934,52.77507921,19.63016495,19.16062604,21.94161372,2.072982009,13.50938513,77.92894261,13.77645823,21.64044381,40.10702663,11.08465958,18.50157913,16.21794511,16.97883145,6.998060229,9.810855531,40.10702663,39.68837107
2009-04-30,41.91874163,16.63114207,29.58467815,19.55798447,29.58467815,16.40310035,31.81345085,83.01213919,13.59695724,14.21515021,25.60075733,9.627445261,7.306174523,16.17090877,14.93874136,38.79135534,40.64167905,51.66688005,20.95537826,27.00660314,27.2896499,4.713472401,16.17090877,83.01213919,18.00646318,27.89175436,39.92402879,13.63071584,18.85689975,19.55798447,16.63114207,7.138960771,9.623570477,39.92402879,35.68051948
2009-05-31,49.97631464,18.99156665,36.08360745,21.62988054,36.08360745,20.94244214,35.96482934,85.93073599,12.98097502,14.74821834,24.84538545,10.25912744,7.980925497,17.45347787,16.16444138,40.57656843,40.3279321,54.06964575,21.437274,26.05250232,30.51479034,4.532185001,17.45347787,85.93073599,20.50050297,27.79768436,42.43377922,14.74217416,18.18565875,21.62988054,18.99156665,6.916669903,11.067627,42.43377922,43.3326786
2009-06-30,49.24489973,18.69603863,28.80868659,20.83505834,28.80868659,19.92406456,34.08038455,84.42686726,14.63719313,15.03696358,26.21867804,8.994173561,7.49481458,18.30424014,15.27712104,43.20038062,39.27392503,54.50625717,23.05864088,25.52604142,28.20757449,4.784410949,18.30424014,84.42686726,18.50677765,25.90060607,43.69540717,13.44755361,19.09929233,20.83505834,18.69603863,7.572796692,10.92919059,43.69540717,36.3172039
2009-07-31,53.38293795,19.41676527,30.74866549,22.43363332,30.74866549,20.08831901,34.40916002,95.35012886,16.39820085,16.34222111,27.57795745,10.28344076,7.726755895,20.99789227,16.35204625,44.60737992,40.44144056,54.88049552,24.8312739,23.45675763,32.00929177,6.305648697,20.99789227,95.35012886,19.74950329,34.96415624,46.8417842,16.34775748,20.25215557,22.43363332,19.41676527,8.235758135,11.60680041,46.8417842,36.74373333
2009-08-31,54.69992661,18.99991256,48.49947238,23.25524728,48.49947238,22.64174292,40.20988178,95.89438331,17.00035187,16.63538883,28.58171849,10.66715124,9.456957694,21.61732945,15.77898485,44.54449727,41.46661826,54.24607417,25.06186031,24.89203054,35.99285434,5.990366262,21.61732945,95.89438331,21.27832406,35.95610348,46.8689115,18.38836611,19.60171215,23.25524728,18.99991256,8.605460857,12.29050725,46.8689115,35.71295387
2009-09-30,58.92374744,21.08707129,46.94748926,24.52339057,46.94748926,23.18474984,43.83662369,97.1616026,17.91026013,17.1615873,29.11509219,12.6766886,11.638195,23.82005834,16.30546215,46.47691821,40.01565343,53.82246058,25.70101742,27.48881465,36.29100039,5.682965888,23.82005834,97.1616026,24.33859757,40.73332138,47.21786931,18.55623743,19.11545834,24.52339057,21.08707129,8.62628052,12.18011347,47.21786931,39.20176605
2009-10-31,57.02976985,20.93392496,39.6725684,24.44301529,39.6725684,22.64174292,38.69604085,97.97392266,18.00510371,16.61290423,28.93018931,11.00910959,10.75600347,24.22487725,16.34124216,47.97438455,40.49659121,56.22293761,27.04677359,24.89203054,34.63454439,5.51744261,24.22487725,97.97392266,26.21424908,44.00570567,45.79101959,19.10504751,18.9881452,24.44301529,20.93392496,8.744258612,12.53337356,45.79101959,38.70306116
2009-11-30,60.72001985,22.62251771,39.86656629,26.98823245,39.86656629,23.11257469,42.79872763,103.0937631,18.61210257,19.28773422,30.94630195,12.36787768,11.19731376,25.69122128,16.78726495,49.29754264,44.46636575,59.22965191,29.33602187,25.17146935,35.23154875,7.007152114,25.69122128,103.0937631,26.34886522,46.66714773,49.11322814,20.53633994,20.18813951,26.98823245,22.62251771,9.349773577,13.49874421,49.11322814,47.76880351
2009-12-31,61.40320873,22.543418,32.10665071,29.123199,32.10665071,22.24708955,44.20330331,106.8062809,19.57241656,19.48244184,32.76370304,11.75657332,12.29684958,27.08199911,16.06678147,48.51303725,43.78928308,53.80138489,32.27902158,26.36724575,34.51016848,7.882060871,27.08199911,106.8062809,27.08680321,45.54822314,50.34027729,20.03769398,21.25979218,29.123199,22.543418,10.22345249,13.51360249,50.34027729,42.21260183
2010-01-31,59.13125226,21.45579696,32.20364966,26.68497769,32.20364966,23.43404061,49.48679439,99.8626487,17.88533581,18.79573399,31.5448904,12.49475869,11.77063114,24.68277241,15.34115169,47.57150133,43.77289795,50.83477384,31.1312243,25.18651056,32.3256612,8.544153984,24.68277241,99.8626487,26.29463349,42.0435516,49.12885934,18.6008063,19.15999312,26.68497769,21.45579696,9.828887822,13.86277199,49.12885934,38.2420654
2010-02-28,60.27100451,20.85068416,32.97964122,28.21112362,32.97964122,22.5756265,51.92979028,104.2228799,19.2988359,18.91147127,31.26540672,12.55760499,12.70865058,26.29652192,15.02354824,49.84554995,44.29722238,51.61922346,32.15313414,26.44385616,34.84098614,9.253539463,26.29652192,104.2228799,27.22183214,45.91471322,49.61638079,19.20741996,18.84087699,28.21112362,20.85068416,9.561070589,13.16417764,49.61638079,43.97034492
2010-03-31,64.06943735,21.93098553,39.28457262,31.52529852,39.28457262,25.69690917,59.69952616,105.1162657,20.22639369,20.84758812,32.57453135,14.23090976,13.34408311,30.20077535,16.4195187,53.16113911,45.80761412,53.19162442,33.41471866,28.57950073,37.10726902,9.907750515,30.20077535,105.1162657,27.20377454,50.582642,51.34901631,22.02379634,20.20200499,31.52529852,21.93098553,10.26135827,12.8641394,51.34901631,45.53296327
2010-04-30,67.19181826,21.31293048,42.38853886,33.26817523,42.38853886,27.34012412,59.55153119,105.7309807,19.77734111,19.76226425,33.05722535,14.74697572,15.51464104,33.55370398,16.68418224,52.40582667,44.19281333,53.81899652,36.08939457,31.31007486,35.38649008,10.26244325,33.55370398,105.7309807,27.67327214,55.14080069,50.64021087,21.73956504,19.11697869,33.26817523,21.31293048,10.26135827,12.5415983,50.64021087,50.13721933
2010-05-31,62.53098268,20.49550284,38.41158212,30.17976157,38.41158212,23.72663849,53.08057971,103.2041157,17.50924504,18.12256631,31.56207955,12.78436124,15.52991888,33.0126603,16.26170002,50.53361606,41.89537441,48.34155862,34.09649879,28.37176322,32.89331323,9.245657402,33.0126603,103.2041157,22.49326657,49.2048032,46.33486523,21.56359097,18.20412642,30.17976157,20.49550284,9.865379346,11.54364807,46.33486523,48.11671085
2010-06-30,58.74627104,20.15535968,36.47160323,28.4459153,36.47160323,21.17120757,51.89788683,101.7375396,16.49844163,19.72322382,31.94002415,11.34612828,14.6132488,32.32511074,16.26170002,49.34521616,39.83209351,45.63104119,34.54599781,26.55751441,30.42506815,7.945117358,32.32511074,101.7375396,22.23961717,48.64602581,46.93888749,21.82755207,18.53487,28.4459153,20.15535968,9.532187385,10.80843214,46.93888749,55.2955596
2010-07-31,59.34020612,22.16204852,39.76956735,30.4235837,39.76956735,22.9327182,56.35572922,105.7912219,17.55056037,19.70740728,34.17804904,12.68374396,16.27384809,33.06021046,17.49610375,52.55123841,42.41740933,47.71789974,34.96257967,29.13606378,33.52144454,10.06539173,33.06021046,105.7912219,27.0680147,56.87380522,46.16796435,24.00692316,20.91411673,30.4235837,22.16204852,10.30722086,11.36931852,46.16796435,50.06514062
2010-08-31,55.64714825,22.47270326,35.97690861,29.38508203,35.97690861,19.51072245,50.86468662,101.9558681,14.65723384,20.62476653,35.67028999,11.39333825,15.86526735,31.24173824,16.07043134,51.96022926,41.79368734,47.60649983,35.48520056,28.50337674,30.25917883,8.894905693,31.24173824,101.9558681,25.63590609,53.13114191,45.74241676,24.15208314,21.25236982,29.38508203,22.47270326,10.85711415,12.19109065,45.74241676,54.91939933
2010-09-30,59.91534443,23.71178951,37.9265874,29.89078719,37.9265874,20.80729487,55.36620722,111.0725261,16.07070222,21.68997892,36.18812083,12.8805685,16.28155716,36.46582981,17.44608978,54.18782011,44.61105198,49.76494036,35.20562456,30.85650795,31.67393692,9.647642506,36.46582981,111.0725261,30.0524429,64.15528308,49.70536903,24.67325245,23.45461336,29.89078719,23.71178951,11.53981301,13.15656986,49.70536903,56.3924973
2010-10-31,60.16786121,24.84632489,40.44855996,32.62249811,40.44855996,21.59020921,58.77771082,118.905731,16.05924225,21.47395921,37.31384006,12.69825892,17.48054853,38.68012495,18.74795811,53.25804716,45.15285287,53.55026516,35.84182461,32.97510781,31.35628671,11.13735201,38.68012495,118.905731,28.95285246,64.44750645,51.1333154,24.69382493,23.71704039,32.62249811,24.84632489,12.15644424,13.34430193,51.1333154,54.64173516
2010-11-30,67.46789168,25.77359401,40.7395568,32.9701704,40.7395568,22.5855603,53.38462541,117.6535854,16.01722234,20.19384242,36.73960583,12.54765535,17.34057972,39.9871117,17.77209184,52.71160165,45.08616969,56.37180945,34.14784616,32.18789791,31.16463255,12.56400503,39.9871117,117.6535854,34.387192,69.36716343,49.8044422,22.87098765,23.3738443,32.9701704,25.77359401,11.61262684,12.6192843,49.8044422,52.81914689
2010-12-31,75.38019433,26.83440364,45.88050087,34.24200374,45.88050087,25.72313538,54.63196886,122.0616442,16.1130523,21.18593293,37.6510701,14.60995956,18.28925718,41.45345573,19.66240098,53.67220872,45.20235778,59.25685318,35.16663728,33.3894108,35.34769286,13.2339802,41.45345573,122.0616442,37.18957209,76.79584547,50.04719334,25.5518869,26.12671506,34.24200374,26.83440364,11.67949417,13.55605326,50.04719334,55.28388292
2011-01-31,74.28906409,25.64303283,46.75349137,35.48351601,46.75349137,26.91010162,58.1647134,134.7368927,17.48706317,20.4009465,37.90931831,16.08773021,18.40970604,43.60734932,24.26604712,52.83422229,46.99603562,65.38351907,35.89604238,34.07711883,37.48995566,12.57188709,43.60734932,134.7368927,40.98777233,79.90635308,48.36411877,25.76024695,26.35986352,35.48351601,25.64303283,11.99897143,14.10572761,48.36411877,49.56020564
2011-02-28,78.35390842,26.07959679,45.39550614,39.92922537,45.39550614,26.81821306,60.63128459,135.1641222,16.69863353,20.91137527,38.4241306,16.82446911,19.06831562,45.39240792,26.47112632,52.10303806,43.56793172,69.68152214,36.53233193,36.15515171,38.9498449,11.86250161,45.39240792,135.1641222,42.83677628,84.78260924,50.16557319,26.73623904,27.32190233,39.92922537,26.07959679,11.93006187,15.05252509,50.16557319,49.74019549
2011-03-31,80.65624876,27.2632545,42.87353358,39.33585554,42.87353358,26.41949564,62.24789432,136.1577305,15.71079908,21.6806654,38.9930353,16.12478995,19.10751858,44.78807113,28.45112388,53.31993457,43.92893321,68.54093836,38.44140752,34.74090599,38.45765367,11.75215276,44.78807113,136.1577305,45.48327503,91.7180952,48.37744484,26.69402393,28.5207507,39.33585554,27.2632545,13.20882007,15.88964577,48.37744484,49.26059436
2011-04-30,88.22090794,27.72353254,44.52251564,39.34498431,44.52251564,24.25328029,67.17350208,142.4283171,15.48071659,23.05057502,40.06934148,16.44648152,20.46113743,44.99658499,28.84071908,57.02857153,46.40178191,71.67754376,39.67410788,37.60135777,38.27092934,12.19354817,44.99658499,142.4283171,46.06732992,95.44857369,53.66018017,27.87604713,28.31842536,39.34498431,27.72353254,13.99111921,16.40600058,53.66018017,52.89782769
2011-05-31,83.24984619,27.45640689,39.92496288,38.00305561,39.92496288,23.73529695,66.04896762,141.676997,14.33413887,23.59197643,41.25077088,15.79505609,20.59549021,44.70100293,29.05381599,58.87461181,46.91266636,68.39723754,40.5299317,37.38180983,36.26638143,11.76003482,44.70100293,141.676997,45.84830934,87.50072868,55.42012933,27.03015015,27.68129827,38.00305561,27.45640689,14.69217462,16.94437979,55.42012933,51.05664755
2011-06-30,80.66933776,27.85325774,40.40037556,35.63870504,40.40037556,23.47594051,62.57849771,143.8743197,14.00667804,24.03072185,41.39070942,15.2911395,19.40212144,43.13827345,28.25466174,58.73059231,45.14558295,66.68464347,39.7443678,35.49294274,34.33731859,10.86936194,43.13827345,143.8743197,46.62539933,88.04657443,54.78595636,26.13959433,27.90616666,35.63870504,27.85325774,14.70737604,16.27292418,54.78595636,48.89628147
2011-07-31,76.12567841,28.15128635,37.20835965,35.25529684,37.20835965,23.37554447,59.64975968,152.5126496,13.53337546,23.78178481,40.89315017,14.52090713,20.95494456,50.18212237,27.04580166,53.40206065,44.78027244,65.38176091,39.60134528,36.25979049,34.13032668,9.623996324,50.18212237,152.5126496,50.03545304,82.0518258,53.36112616,26.16809212,26.79552758,35.25529684,28.15128635,14.8821924,15.20570473,53.36112616,50.38210511
2011-08-31,67.25546288,29.16127222,30.1335307,31.09257924,30.1335307,21.93212156,57.00808395,144.8267785,10.01631399,24.68625604,44.17824642,13.22367366,21.27352981,49.45601863,23.63702033,54.1567275,45.52876826,61.07272938,40.17343534,33.69263215,31.69184352,8.764851689,49.45601863,144.8267785,40.6481584,75.58170005,54.6735171,26.95293204,27.45991088,31.09257924,29.16127222,15.36965303,15.1595228,54.6735171,56.73309516
2011-09-30,55.74050156,28.15522916,24.85894972,27.53236025,24.85894972,20.26830544,51.59376547,147.3204511,8.684644133,26.03881394,44.81486587,12.45504468,17.63369337,49.0049347,18.94825033,52.03013243,44.42457365,59.9258624,39.40663609,28.85023494,25.41422595,7.621952862,49.0049347,147.3204511,27.95992325,61.3291509,52.92030858,25.34790229,27.94206333,27.53236025,28.15522916,15.07009458,14.12119932,52.92030858,57.2972962
2011-10-31,72.45485615,28.47195465,30.65759211,31.84113811,30.65759211,21.77246244,56.09574997,155.5428312,10.29391449,26.47964345,45.48292332,13.67436246,20.03279361,52.01987168,22.85555866,52.91271141,48.55032404,64.43082191,41.89065293,33.44765421,29.57161007,9.206247097,52.01987168,155.5428312,34.22617079,78.88377714,53.50194174,28.81100702,28.4712265,31.84113811,28.47195465,16.00717487,15.3831617,53.50194174,60.82888491
2011-11-30,77.10119726,28.2166509,26.6775669,32.72662848,26.6775669,21.83339412,58.93750423,159.0162846,10.81228523,27.42684184,47.18119863,13.0196952,18.88370035,49.11802697,24.68327642,54.22817437,50.41632732,66.76086536,42.32475296,30.72339597,26.34731772,8.354984523,49.11802697,159.0162846,33.7955953,81.73982751,54.27642421,28.28316104,29.04865808,32.72662848,28.2166509,15.44198398,16.18977962,54.27642421,62.69480162
2011-12-31,73.39637945,29.36663786,25.54173162,34.81705373,25.54173162,23.26869072,62.93588492,155.5314597,10.00883577,29.53917807,49.25361412,14.79440113,20.1693991,52.04814475,25.83975325,56.21936515,51.47155887,70.34623257,44.27099409,31.10371788,28.28699755,8.481097497,52.04814475,155.5314597,31.69255418,75.66028169,54.99764988,30.31749966,30.88874005,34.81705373,29.36663786,15.58942001,17.45624469,54.99764988,54.90599633
2012-01-31,78.15108621,28.34256188,29.82295688,36.1168904,29.82295688,24.66177271,63.64804285,162.9071086,10.87139848,27.29206131,46.81594533,15.45523423,21.09727402,58.66404226,27.71130354,55.64319079,52.84964612,69.49968754,43.26280248,34.16282889,31.95946631,9.829607725,58.66404226,162.9071086,33.77722813,91.52843286,55.27439926,30.75656555,29.37298993,36.1168904,28.34256188,14.33233388,17.26264494,55.27439926,56.25096907
2012-02-29,81.75432362,29.3204705,32.35714687,38.98581563,32.35714687,26.5239608,64.68369745,167.0471931,9.833991979,27.23280435,46.61504408,15.87462455,20.2864641,69.71110034,30.07258531,53.76638757,50.88587179,72.18580833,43.89698752,35.760148,33.62170129,9.797950373,69.71110034,167.0471931,33.60274,95.79785848,55.06095208,29.25579176,29.7239683,38.98581563,29.3204705,15.28822204,17.21673768,55.06095208,54.37075207
2012-03-31,74.99810331,31.2877443,35.49380907,40.64774966,35.49380907,29.02661685,64.18314315,177.1686923,9.305167894,28.57031853,46.87178787,16.72460445,21.65673286,77.05053132,28.12926982,56.67937425,53.06239713,72.37774747,45.22294511,37.17250253,39.3966826,9.873136583,77.05053132,177.1686923,30.5585424,89.34758677,55.80547632,29.22616564,29.81756254,40.64774966,31.2877443,15.46863718,18.4555278,55.80547632,47.20863151
2012-04-30,71.84003973,32.26429732,32.09009359,40.02568497,32.09009359,28.4102051,66.28029305,175.8355754,9.668315445,28.53220852,47.69818194,16.31628077,21.52545858,75.04956931,26.03510336,56.38038735,51.0768924,72.05228544,46.33235772,37.57364464,37.06945403,8.966944889,75.04956931,175.8355754,31.5068792,86.57148164,55.07787308,30.70006502,31.91260125,40.02568497,32.26429732,15.85299986,18.66335114,55.07787308,43.8753909
2012-05-31,62.42885277,31.59212446,25.75186257,42.43966736,25.75186257,27.42823034,60.4321082,164.4860826,8.85611447,28.50655775,48.92472406,15.9079571,21.17392242,74.2463572,22.25175466,58.41741484,57.45237664,66.06965259,46.70216192,36.97478496,28.59126107,8.394586705,74.2463572,164.4860826,27.67670336,73.80941151,53.32952963,30.61922903,32.90838821,42.43966736,31.59212446,16.02871848,17.99857419,53.32952963,43.4242064
2012-06-30,67.97921825,33.28054608,26.62612422,45.03005616,26.62612422,28.61778541,64.50374428,166.7713221,7.900991527,30.7381749,50.40802832,17.5174215,21.12487086,75.05213959,22.84132343,60.83676541,60.85657398,71.90105776,49.23451627,40.14815158,30.81646329,7.62349304,75.05213959,166.7713221,26.21880113,71.52655936,57.71172548,33.10085607,35.12124813,45.03005616,33.28054608,16.37734113,18.92854167,57.71172548,44.97819539
2012-07-31,68.97786364,34.39145828,26.3541317,45.62426721,26.3541317,28.93442957,64.16516473,167.1124027,7.166289679,30.73537053,52.28039599,17.44177045,21.93822911,78.49117256,23.64528085,62.61899162,64.96779693,72.97659071,50.92739362,40.38446611,31.3089431,7.345263367,78.49117256,167.1124027,30.59629734,71.38390178,59.12974597,35.39504903,36.07602168,45.62426721,34.39145828,16.68634757,19.78444095,59.12974597,41.23233043
2012-08-31,67.37686071,31.83763712,28.87137225,45.93065728,28.87137225,29.31214844,62.35935844,166.8584242,6.631961063,28.49928599,49.60516112,17.40814776,20.8169968,85.85759412,25.00551598,62.36069797,63.70942477,73.82876879,48.46276336,41.75359978,32.30039297,7.465153411,85.85759412,166.8584242,30.33771107,72.3333136,58.12044509,34.75421075,34.31777516,45.93065728,31.83763712,16.31468679,19.81675512,58.12044509,46.99020702
2012-09-30,68.6459916,32.50808376,31.79640861,48.53961517,31.79640861,29.74282943,60.78290687,177.6483454,6.753441434,29.13816729,49.00780435,19.23396251,20.46248953,86.09829584,26.57847259,61.38926826,64.76247311,77.33838381,50.26103776,41.52352892,35.20516713,7.88077223,86.09829584,177.6483454,31.19894645,72.93517289,59.39611258,33.70840153,36.41967895,48.53961517,32.50808376,17.0428067,20.63899265,59.39611258,52.30424112
2012-10-31,62.98265741,31.86529275,36.33458796,45.60569811,36.33458796,29.01928536,61.52091329,166.5843945,5.482717694,28.99731931,49.40876985,17.83651477,20.37518848,76.83353817,27.01890044,60.06207339,65.83307226,77.1015905,52.07224633,40.91852778,36.51494247,8.959782627,76.83353817,166.5843945,29.90246307,72.32410274,61.04241319,33.60988327,36.06692724,45.60569811,31.86529275,17.33885546,20.65560351,61.04241319,50.96430385
2012-11-30,59.99145977,32.72015687,33.60304066,46.10706369,33.60304066,28.62363466,65.2818379,163.488846,5.142274573,28.45661741,46.14830059,17.89580044,19.3173913,75.89648521,27.88040512,60.90349759,63.2004514,75.02097354,50.79769215,40.31768621,35.9892955,9.192608519,75.89648521,163.488846,30.8840862,72.69079728,60.62996817,34.53350723,35.64679278,46.10706369,32.72015687,15.95062171,20.96933021,60.62996817,43.97048494
2012-12-31,61.55098641,31.2791584,38.4534651,46.93446525,38.4534651,29.63816519,66.2310084,164.761869,5.693649515,28.42173342,45.94150591,17.93768866,19.96382291,69.00979469,27.70869436,59.81713268,60.20674599,73.66763399,50.86330678,40.55004,38.52037324,10.39688038,69.00979469,164.761869,32.21246065,76.86014015,60.95168175,34.61782877,34.96003454,46.93446525,31.2791584,15.56256806,21.0190297,60.95168175,43.70014354
2013-01-31,70.9190128,32.133403,40.99046065,50.78989733,40.99046065,30.41770542,64.92150465,174.6708052,6.59664235,31.85492996,47.04992539,19.04010021,20.23978899,59.06590017,30.37472986,63.6808142,61.72448896,76.57859076,53.62457872,42.88218364,41.4963714,10.47232944,59.06590017,174.6708052,37.77465838,84.39231981,64.27315714,35.96314077,35.65575616,50.78989733,32.133403,16.52461772,23.06290533,64.27315714,40.42545578
2013-02-28,66.14662199,33.41045554,40.80573135,51.45917771,40.80573135,30.6360352,68.02278715,173.4745047,8.047024648,32.586518,49.33392384,20.00549931,20.21437276,57.56272831,30.42381242,66.70494492,62.45688819,76.71341113,56.58066432,45.0496509,43.14564269,10.19738025,57.56272831,173.4745047,38.54538027,79.22876899,66.70677259,37.89347533,38.04316291,51.45917771,33.41045554,17.49797803,23.13899263,66.70677259,37.91297983
2013-03-31,63.45712262,35.1477847,43.01276042,53.54243074,43.01276042,32.30407474,75.93961348,184.2459386,9.585164128,36.30615842,51.03134529,19.91934299,20.49395126,57.72704421,30.62361059,69.64535031,66.45559761,77.19313765,58.42548059,45.94404451,41.85797633,10.63406425,57.72704421,184.2459386,37.64132132,74.59701244,71.4571432,38.6532054,40.18528813,53.54243074,35.1477847,19.56376825,24.39866012,71.4571432,39.84935989
2013-04-30,72.27488535,36.79044823,45.36562842,59.23602725,45.36562842,33.16866069,80.85777598,174.9515818,8.282482426,35.30881463,53.22210597,19.20424547,21.02605095,57.74269334,29.67002841,72.60336291,69.02217087,76.23368461,62.30683385,48.8529946,43.50180713,11.08692174,57.74269334,174.9515818,39.83962665,73.0935859,74.70001613,41.32001299,44.53631739,59.23602725,36.79044823,20.15166112,24.57619714,74.70001613,30.82165816
2013-05-31,74.55017583,34.75667434,50.55863271,59.46226287,50.55863271,35.68939586,88.04102101,180.518558,9.818360235,40.90026589,48.20568959,20.09165564,20.84641423,59.04131385,31.38215623,71.10674939,66.86369005,78.03790553,56.94646271,45.16785764,48.4546756,12.77477808,59.04131385,180.518558,38.98266017,74.06908788,74.33810199,37.09405283,40.05046683,59.46226287,34.75667434,19.08964139,23.21294065,74.33810199,32.61007536
2013-06-30,72.75021993,35.10264094,46.6493097,59.52824826,46.6493097,36.32309167,91.08182379,165.8441574,10.03026231,39.72686117,49.25308848,20.14292699,21.80447676,52.05654926,31.5555383,72.50795244,66.55099241,77.93439554,57.84815655,44.47633423,46.8569761,12.6036873,52.05654926,165.8441574,38.9761624,71.21164404,75.82168493,35.57521656,41.58705652,59.52824826,35.10264094,19.34493858,23.87787247,75.82168493,28.78516304
2013-07-31,72.60346391,35.07638616,50.70450298,60.9422209,50.70450298,38.28578841,93.44689263,169.2545888,10.38617484,38.74371935,50.59612417,21.16787973,21.62256975,59.40824209,33.17985462,74.05935135,69.63329773,80.86717855,61.03364674,46.1569987,49.82256123,13.83391147,59.40824209,169.2545888,42.21794772,72.07520614,82.56845494,34.34605525,41.28799239,60.9422209,35.07638616,20.44024588,25.12248846,82.56845494,28.8332184
2013-08-31,71.91860249,33.41358342,47.00828963,57.3413039,47.00828963,36.4065426,92.81882145,158.9697603,9.035325001,37.354895,47.98890994,20.09949679,19.50694291,64.38499372,31.60171644,70.6817343,65.59800796,75.70485748,57.72729785,41.99621206,45.17376672,13.26842575,64.38499372,158.9697603,44.95991888,71.75355825,76.87703303,32.2855715,39.53567259,57.3413039,33.41358342,19.0501421,24.24582277,76.87703303,30.53437828
2013-09-30,76.81262808,33.39251039,47.18336705,60.79139715,47.18336705,36.61923905,104.9481478,161.5077644,8.544450264,41.46760711,47.05866075,20.9121387,20.4654514,63.00192472,32.01475078,70.98074288,66.47888009,74.73205527,57.52692414,42.70277294,46.21080549,13.82571602,63.00192472,161.5077644,45.10041863,72.50117226,77.12614273,32.45995956,38.94739379,60.79139715,33.39251039,19.91416948,24.688453,77.12614273,27.22166108
2013-10-31,78.89841036,34.88230296,47.45570972,64.65625571,47.45570972,37.8333813,116.5594322,156.3009313,9.920355071,47.40970532,49.68725479,22.88167876,21.6443521,69.07442487,32.36353534,75.07887634,68.9866691,77.84154804,60.28207843,45.62616856,46.41283827,14.1032741,69.07442487,156.3009313,49.67134371,72.97286241,82.39303354,33.31208304,42.63254835,64.65625571,34.88230296,20.43757068,26.37302629,82.39303354,26.40791747
2013-11-30,77.97869534,35.67568362,51.48331608,66.49442014,51.48331608,39.2878428,120.3458071,157.5416732,11.13343091,46.38062946,47.6243875,23.33686135,20.30084939,73.91421544,33.25160882,75.40922697,72.81576631,81.75048725,58.18955618,41.76453559,51.527796,14.07854598,73.91421544,157.5416732,49.34351097,74.05835125,84.80042241,29.51530827,41.8813512,66.49442014,35.67568362,19.62723322,27.48251511,84.80042241,24.05387347
2013-12-31,78.63310864,36.66988032,50.69530614,72.90783832,50.69530614,40.51949257,122.3538116,164.4595483,11.45057687,48.30337646,47.68476981,24.73367442,20.37064173,74.57218182,32.56886214,74.56057516,71.14483808,88.50181118,58.46448053,41.28304863,52.66245212,12.71849909,74.57218182,164.4595483,47.67660814,79.49454937,82.05018686,29.15409291,41.47621116,72.90783832,36.66988032,19.41780905,26.52976483,82.05018686,22.50098523
2014-01-31,72.40695398,33.57189237,46.15191311,69.29107513,46.15191311,40.46594258,112.2868961,154.9113024,11.86800319,45.41335318,46.934304,22.17471417,21.45276342,66.54100428,30.25305919,72.24123246,67.51933547,80.5961158,60.0760184,42.92367086,50.17827109,12.43210008,66.54100428,154.9113024,46.04198157,82.74435409,79.25515921,31.42573617,40.97379923,69.29107513,33.57189237,19.60210232,26.3305534,79.25515921,21.1038333
2014-02-28,79.80723076,33.90920911,47.31957694,77.11626197,47.31957694,41.7108497,116.2262611,163.2382739,12.2281357,48.86684012,48.91619779,22.67156303,22.74839047,70.36541176,31.08490432,71.98053114,67.53741778,84.78105413,63.19341953,45.69464233,51.50161422,12.78943986,70.36541176,163.2382739,53.5481116,85.44052834,83.12011532,31.565408,40.59836251,77.11626197,33.90920911,20.01346801,28.04756965,83.12011532,22.72570197
2014-03-31,79.37947874,34.58961813,46.31733215,76.41008657,46.31733215,44.69404705,113.1339862,169.6912855,13.30736534,47.21280164,46.82165944,23.04541683,22.76601804,71.7694039,32.95927766,75.5891965,69.54627774,86.0227835,66.02163095,45.95565171,55.02750791,12.96395463,71.7694039,169.6912855,55.47084382,87.55517481,88.63318419,31.58169142,40.58982985,76.41008657,34.58961813,20.04731743,28.05630449,88.63318419,23.04264466
2014-04-30,79.76267278,36.49535757,46.61897864,75.71345408,46.61897864,44.60419171,116.3164149,173.1998902,13.59522553,45.84007044,50.64419193,23.93554494,23.02376462,78.90302111,33.54385944,77.75276751,72.53086221,90.18830117,69.44313155,47.18869603,51.05904313,13.52489498,78.90302111,173.1998902,59.40815283,93.40957191,91.39423014,34.08119626,40.31143457,75.71345408,36.49535757,20.95278935,27.32257797,91.39423014,24.40908136
2014-05-31,83.04481305,36.60272317,46.29783237,80.16999342,46.29783237,45.95188721,122.615858,163.4686202,13.77616622,45.51976649,48.55938213,23.84653213,24.50170156,85.11426173,34.19849135,79.96160152,70.28575692,89.13185315,67.64795461,48.48745322,50.68508444,13.76775687,85.11426173,163.4686202,60.88699855,90.60019485,92.18236143,34.42876445,43.09778026,80.16999342,36.60272317,20.61574127,26.11320904,92.18236143,22.50196827
2014-06-30,86.10714877,38.18604263,45.84040162,81.82091698,45.84040162,47.56264655,115.3450322,160.728774,13.91586702,44.39412691,50.96925512,23.58366834,25.4899606,87.46868626,37.23960105,81.48181266,68.72934443,89.26484607,69.81423749,50.55770404,52.55487791,14.4377207,87.46868626,160.728774,67.04148728,96.30757286,95.05340679,34.12364726,42.20925516,81.82091698,38.18604263,21.82943748,26.15727453,95.05340679,25.03618656
2014-07-31,81.97924103,35.41854615,47.61172924,81.95451773,47.61172924,46.06047773,109.2255717,169.9502627,14.7133024,46.67167397,49.51273847,22.5696065,26.12713313,89.9817756,36.14815984,80.35088085,67.36519466,87.72212823,66.18321576,49.35913778,52.96595411,14.35552447,89.9817756,169.9502627,65.13437837,89.85588455,90.93763607,34.24734342,43.96736465,81.95451773,35.41854615,20.7866844,25.51834602,90.93763607,24.51459934
2014-08-31,87.03005498,37.60910525,50.27899847,85.77168204,50.27899847,46.87458846,115.6643202,171.5174206,15.70080009,46.69933399,51.67625165,23.31444839,26.88183711,96.95620681,39.10054401,84.35474427,69.57018228,88.79946111,70.15492594,52.31097633,54.60076247,14.68447009,96.95620681,171.5174206,63.97311897,97.27624147,94.88466691,36.21005094,43.44415127,85.77168204,37.60910525,21.43924198,26.13185329,94.88466691,26.65999583
2014-09-30,81.25976496,38.73608219,50.44448597,84.96053463,50.44448597,47.26642502,116.1933841,169.3143627,14.7183563,47.18799434,50.57827636,23.1843682,24.48295659,95.30085693,35.25520387,85.50154658,70.46399786,83.96932754,68.81874356,49.28071151,55.32632348,12.47463025,95.30085693,169.3143627,61.03987435,88.32186846,97.5007871,33.18488628,43.59239506,84.96053463,38.73608219,21.11989739,26.29189867,97.5007871,22.70632795
2014-10-31,75.15788765,38.02782752,52.11889976,87.20311866,52.11889976,48.37814738,113.9403016,146.6326778,14.88848672,54.03345611,56.55911736,23.35630536,27.41437656,102.158735,33.20122951,88.33047304,70.27970599,86.34421761,74.31845388,55.57011311,55.92435923,11.99101063,102.158735,146.6326778,52.17390594,91.12353154,98.58931264,36.74488668,44.30238768,87.20311866,38.02782752,21.18894487,26.62977224,98.58931264,18.4802912
2014-11-30,67.41644775,40.98680535,52.54730096,88.28146758,52.54730096,49.96937879,123.2806419,145.6291155,16.20803488,54.83202583,56.93032019,23.9716594,27.91314954,112.9839974,27.30272261,91.94010971,80.66455307,81.41300055,73.68526355,56.72187682,55.62846315,13.38669959,112.9839974,145.6291155,39.92997516,90.39569345,99.66185885,37.91169249,44.60214513,88.28146758,40.98680535,20.86176605,27.93646021,99.66185885,18.12565875
2014-12-31,71.46333813,38.60055592,52.68361043,91.01129651,52.68361043,50.28122881,119.2618177,144.0755706,16.72130902,55.15494254,59.50863714,23.07685259,27.94942394,104.8614616,26.70795375,87.43031523,79.58212579,83.13046058,78.77824767,58.84387286,57.86617726,13.19096273,104.8614616,144.0755706,37.37874081,82.24570399,96.27381598,37.26008527,41.24309842,91.01129651,38.60055592,20.41734246,27.93646021,96.27381598,18.64191524
