Date,BEN,ITW,CNP,K,MRO,SONC,AAP,PLD,AMAT,TSN,HTLF,ISRG,C,IEX,IFF,TMO,BIO,NOC,IVZ,FITB,RJF,JNJ,A,FMC,CL,SYK,NEE,VZ,REGN,WAT,MCHP,BWA,PKI,ZBH,LNC
2001-12-31,6.852896690368652,21.45978736877441,8.520220756530762,16.010713577270508,5.622382164001465,9.904059410095217,15.03437042236328,12.234206199645996,14.920896530151367,8.635102272033691,5.79437780380249,2.228888988494873,300.9958801269531,11.240426063537598,19.180606842041016,22.810306549072266,31.649999618530277,29.225006103515625,15.070374488830566,34.15389633178711,7.841317176818848,33.78132247924805,17.449262619018555,5.557131767272949,18.132110595703125,23.90818977355957,3.654149055480957,15.994359016418455,28.15999984741211,38.75,7.557012557983398,5.248593330383301,28.23052024841309,27.06747055053711,30.164915084838867
2002-01-31,7.276464939117432,22.61960792541504,8.05758285522461,16.41497039794922,5.256927013397217,10.45435619354248,14.157994270324709,12.050691604614258,16.241817474365234,9.435066223144531,6.111258506774902,2.055556058883667,283.5862121582031,11.12226390838623,19.42593002319336,20.99389266967773,28.59000015258789,32.35595703125,14.457587242126465,35.22312545776367,7.399799346923828,32.872467041015625,18.575416564941406,6.4079670906066895,18.000825881958008,24.05974769592285,3.4733848571777344,15.740768432617188,24.799999237060547,34.599998474121094,7.352189540863037,5.580420017242432,23.831212997436523,28.83119773864746,32.19273376464844
2002-02-28,7.939021110534668,23.31041145324707,6.792553901672363,18.51491355895996,5.197176456451416,11.026521682739258,13.538491249084473,12.257732391357422,16.174850463867188,9.74208641052246,6.133392810821533,2.0444440841674805,270.7230834960937,11.71109390258789,22.240724563598636,19.45472526550293,32.724998474121094,31.14538955688477,12.411508560180664,35.507137298583984,7.020096778869629,34.91838836669922,19.06504440307617,6.719466209411621,17.632301330566406,25.190231323242188,3.479142427444458,15.893593788146973,22.709999084472656,31.25,6.667496681213379,6.058887004852295,18.580270767211918,31.69393348693848,32.0114631652832
2002-03-31,8.154960632324219,22.91780662536621,8.28822135925293,19.249073028564453,5.491996765136719,12.095332145690918,17.89015007019043,13.393508911132812,18.09856414794922,10.514549255371094,6.224594593048096,2.255556106567383,259.0566101074219,11.80514430999756,20.87744140625,18.06852149963379,48.29999923706055,35.1083984375,11.3798189163208,38.32763671875,7.400827407836914,36.61555862426758,18.39181137084961,6.88856315612793,16.751548767089844,21.91754722595215,4.159117221832275,13.738639831542969,20.649999618530277,26.950000762939453,8.680620193481445,6.308695793151856,10.397186279296877,30.763322830200195,30.13104820251465
2002-04-30,8.472208023071289,22.57768821716309,5.675875663757324,19.804582595825195,5.223715782165527,11.748692512512209,17.467065811157227,13.923711776733398,16.506013870239258,11.101561546325684,6.658123970031738,2.0955560207366943,259.4007263183594,12.442023277282717,22.083402633666992,17.552268981933594,44.2599983215332,35.411312103271484,10.568845748901367,36.41653823852539,7.414102077484131,35.29588317871094,16.139495849609375,6.318965435028076,17.127595901489258,22.34762954711914,4.126364707946777,14.728532791137695,16.520000457763672,26.65999984741211,8.748892784118652,6.502562999725342,11.34755039215088,31.00261878967285,28.193592071533203
2002-05-31,6.69335412979126,21.04400634765625,3.356809139251709,18.584999084472656,4.617902755737305,11.587753295898438,15.188491821289062,14.305014610290527,11.06602382659912,9.514552116394045,6.933635711669922,1.555556058883667,201.4892425537109,10.272246360778809,19.924352645874023,16.232980728149414,41.18999862670898,32.314178466796875,7.921400547027588,37.050758361816406,6.037606716156006,30.2618350982666,11.555315017700195,4.385897636413574,16.289091110229492,20.73381233215332,3.7472641468048096,11.416316986083984,17.200000762939453,22.709999084472656,6.443166732788086,5.434745788574219,6.23948860168457,32.996788024902344,23.2629508972168
2002-06-30,6.063599586486816,18.673688888549805,3.389471530914306,18.08145904541016,4.360192775726318,9.532660484313965,15.937947273254396,13.99035358428955,8.595327377319336,8.7744722366333,6.980012893676758,1.775555968284607,192.0395965576172,9.414851188659668,20.845571517944336,15.42037296295166,37.65999984741211,36.329345703125,5.124096870422363,34.48174285888672,6.029305458068848,31.227693557739254,7.993241310119629,4.595937252044678,17.113855361938477,23.592798233032227,3.594677209854126,9.492840766906738,13.5,24.25,5.983773708343506,5.025722503662109,4.462628364562988,33.98056411743164,19.36993980407715
2002-07-31,6.446625709533691,19.656513214111328,2.8438286781311035,17.32557487487793,4.017990589141846,9.602605819702148,16.182729721069336,13.16032600402832,11.185088157653809,8.351971626281738,7.04935359954834,1.48888897895813,240.4883575439453,9.959792137145996,21.958200454711918,17.58094596862793,42.61000061035156,30.20513916015625,6.616856575012207,35.760101318359375,6.971452236175537,33.92431640625,8.41555118560791,5.444990634918213,17.49620819091797,25.84558868408203,3.9407835006713863,13.220126152038574,15.130000114440918,25.18000030517578,7.1395673751831055,4.569387435913086,5.78340482711792,36.53310012817383,19.58648109436035
2002-08-31,6.674190044403076,20.83382797241211,3.4990251064300537,18.7746696472168,4.14312219619751,8.455592155456543,14.777505874633787,13.635479927062988,9.69672393798828,8.493547439575195,8.024803161621094,1.3688889741897583,229.03335571289065,10.841719627380373,23.076091766357425,19.23484230041504,38.70000076293945,28.525480270385746,6.669794082641602,33.1174430847168,6.604192733764648,31.11955070495605,10.99224090576172,4.8629350662231445,16.684730529785156,27.541748046875,4.05707597732544,13.566731452941896,18.51000022888184,21.780000686645508,7.159626483917236,5.12201452255249,6.855326175689697,36.79899597167969,20.27339172363281
2002-09-30,6.529266357421875,19.536134719848636,3.0447652339935303,18.298044204711918,4.067225456237793,9.384099960327148,13.190960884094238,13.780009269714355,8.90788745880127,7.804676055908203,8.490012168884277,1.4244439601898191,224.8310546875,9.71031379699707,20.886823654174805,17.37062644958496,35.400001525878906,26.88158798217773,6.11397647857666,30.17618751525879,5.693270683288574,31.061622619628903,10.086418151855469,3.556422233581543,16.25860595703125,24.718629837036133,3.939675807952881,13.521525382995604,18.729999542236328,23.049999237060547,6.468549728393555,5.458297252655029,6.531531810760498,36.338111877441406,20.90825080871582
2002-10-31,6.398059368133545,19.13460922241211,2.0313003063201904,16.338647842407227,4.541816711425781,9.293310165405272,11.79178524017334,13.954444885253906,9.659512519836426,6.9940104484558105,10.547653198242188,0.8355559706687927,218.22027587890625,9.230792999267578,20.617267608642575,16.82570457458496,35.95000076293945,25.612960815429688,4.954702854156494,30.04041862487793,5.688806056976318,30.514623641967773,8.078926086425781,2.7643260955810547,16.06699562072754,26.753894805908203,3.818383455276489,12.214585304260254,18.34000015258789,23.170000076293945,7.458991527557373,5.3227314949035645,7.1009440422058105,39.34267044067383,18.366838455200195
2002-11-30,6.459267616271973,18.75005149841309,3.128596782684326,16.935382843017578,4.714911460876465,10.506559371948242,13.976678848266602,14.079035758972168,9.361836433410645,5.89169454574585,10.748595237731934,1.4355560541152954,225.48570251464844,9.65703296661377,20.53734397888184,17.3037109375,35.75,25.347087860107425,4.838247776031494,28.55475807189941,5.795193195343018,33.66791534423828,8.04832649230957,2.7910258769989014,17.385950088500977,28.169553756713867,4.017446994781494,12.486566543579102,7.519999980926514,21.15999984741211,5.832371711730957,4.876285076141357,7.444273948669434,43.100563049316406,18.152894973754883
2002-12-31,6.845919132232666,20.629892349243164,3.5058038234710693,18.09019660949707,4.4788737297058105,11.146402359008787,15.031352996826172,13.804916381835938,10.879976272583008,7.320903778076172,10.748595237731934,1.3711110353469849,256.9031066894531,10.655094146728516,20.99314308166504,17.37062644958496,46.75,25.98222923278809,6.0341877937316895,27.980588912963867,6.424668788909912,32.789405822753906,9.80488109588623,3.225342035293579,18.3346004486084,27.49660301208496,4.149703979492188,13.34887981414795,6.329999923706055,24.01000022888184,6.096149921417236,5.99869441986084,8.372618675231934,41.5672607421875,20.95517349243164
2003-01-31,7.682901859283447,21.30659866333008,3.660961627960205,19.133220672607425,5.231818675994873,10.510685920715332,18.403884887695312,14.244858741760254,11.78787899017334,8.108355522155762,15.006319999694824,1.6644439697265625,281.5736999511719,12.1237211227417,21.19785499572754,20.095251083374023,55.34999847412109,25.610185623168945,7.592975616455078,32.80580520629883,7.4239501953125,30.20906639099121,11.965381622314451,4.02811861038208,18.584741592407227,28.464998245239254,4.598053932189941,14.088101387023926,15.760000228881836,29.1299991607666,7.261745452880859,6.584555149078369,11.65583610534668,39.9276123046875,23.36148452758789
2003-02-28,8.544204711914062,22.53614044189453,3.625025749206543,19.110952377319336,5.110701084136963,10.085429191589355,20.528343200683597,14.421927452087402,14.481820106506348,8.650443077087402,13.318106651306152,1.6666669845581057,297.0298156738281,12.426580429077148,20.01613426208496,21.27113342285156,56.0,27.376096725463867,8.364221572875977,31.428916931152344,7.80581521987915,30.261653900146484,13.299631118774414,4.254178047180176,17.584951400756836,31.398889541625977,4.241764545440674,12.620272636413574,15.399999618530272,31.709999084472656,7.751733779907227,6.845389366149902,12.601812362670898,42.3737907409668,24.7005558013916
2003-03-31,8.693656921386719,21.514877319335938,4.168951034545898,18.70562744140625,5.710864543914795,10.39926528930664,21.42586708068848,15.812793731689451,13.49205493927002,10.828495025634766,13.091898918151855,1.852221965789795,301.7373352050781,12.238502502441406,22.067827224731445,20.74532699584961,51.0,25.697229385375977,8.333499908447266,31.894968032836918,8.18537425994873,29.072065353393555,13.532207489013672,4.485575199127197,18.000429153442383,30.90238380432129,4.3888325691223145,11.697187423706056,17.670000076293945,27.43000030517578,7.036591053009033,6.956111431121826,12.983433723449709,48.83487701416016,23.404003143310547
2003-04-30,9.340317726135254,23.881977081298828,4.459914207458496,18.58222770690918,5.925274848937988,11.476332664489746,23.637962341308597,15.602095603942873,17.36181640625,10.93578052520752,13.294255256652832,1.611111044883728,316.5965270996094,12.534076690673828,22.081178665161133,21.01301383972168,52.25,26.64500617980957,8.640721321105957,33.405277252197266,9.18518352508545,29.547595977783203,15.252037048339844,4.985753059387207,17.202499389648438,33.282344818115234,4.426332473754883,12.256315231323242,13.84000015258789,31.43000030517578,9.629789352416992,8.17812728881836,15.33478832244873,56.55453109741211,26.650650024414062
2003-05-31,10.271319389343262,27.324262619018555,4.450586795806885,21.510217666625977,6.686636924743652,12.677200317382812,24.59895133972168,17.324798583984375,16.699501037597656,10.176199913024902,13.179760932922363,1.8988889455795288,324.2108764648437,14.020769119262695,23.40516471862793,24.091346740722656,57.66999816894531,28.616214752197266,8.08662223815918,34.109344482421875,8.509570121765137,30.47369956970215,17.896047592163086,6.075108051300049,16.186973571777344,34.94203567504883,4.586093425750732,12.796175956726074,14.710000038146973,33.15999984741211,9.80876350402832,8.741216659545898,14.534409523010254,62.39519119262695,26.944320678710938
2003-06-30,11.00232982635498,25.8807373046875,5.300833702087402,22.307153701782227,6.855184078216553,14.18756866455078,24.5808219909668,19.58524703979492,15.873451232910156,13.909059524536133,13.271010398864746,1.8855559825897217,348.1460266113281,14.706889152526855,23.89698982238769,27.03584861755371,56.369998931884766,29.576343536376957,8.431742668151855,32.14160919189453,8.436978340148926,30.051177978515625,19.35882568359375,7.621920108795166,17.903736114501953,36.38887023925781,4.730443954467773,13.469390869140623,13.579999923706056,40.84000015258789,7.775065898895264,8.73923110961914,17.684410095214844,65.39087677001953,31.855388641357425
2003-07-31,10.834373474121094,28.1607666015625,5.004021644592285,24.38779640197754,6.83278751373291,13.316631317138672,26.079729080200195,16.15003204345703,13.596247673034668,14.440760612487791,12.196520805358888,1.8011109828948977,326.5333251953125,16.032695770263672,24.40185546875,27.915372848510746,58.59999847412109,29.82579231262207,7.456493377685547,31.183815002441406,8.528651237487793,32.012306213378906,16.53120231628418,7.634377002716064,18.88764190673828,40.66362762451172,4.501881122589111,14.055459976196287,12.529999732971191,43.150001525878906,8.251808166503906,8.466217041015625,16.51051139831543,70.77070617675781,30.426105499267575
2003-08-31,9.895771980285645,31.401647567749023,5.384477615356445,23.93292236328125,7.761959552764893,14.082338333129885,26.702253341674805,18.685548782348636,14.600899696350098,16.176279067993164,13.119305610656738,2.1111109256744385,315.7372741699219,17.48328399658203,25.29527473449707,29.38762855529785,58.86000061035156,32.424407958984375,7.746278762817383,31.40626716613769,9.004122734069824,33.17390060424805,17.92053985595703,7.673541069030762,19.07364273071289,45.21378326416016,4.569223403930664,13.478195190429688,10.529999732971191,47.77999877929688,9.294129371643066,9.044818878173828,17.188081741333008,78.17127227783203,32.03281021118164
2003-09-30,10.544010162353516,29.895252227783203,5.1685075759887695,24.152193069458008,7.493194103240967,13.83473777770996,22.398950576782227,20.15320205688477,11.825090408325195,12.753540992736816,12.846468925476074,2.694443941116333,319.1748046875,15.693890571594238,26.059541702270508,25.114280700683597,50.34000015258789,31.325271606445312,5.901663780212402,29.08790397644043,8.244982719421387,34.77936172485352,12.54682159423828,8.22889518737793,17.698740005493164,37.239707946777344,4.993915557861328,14.775583267211914,8.90999984741211,43.310001373291016,7.789324760437012,9.271045684814451,15.053091049194336,63.1928825378418,30.94842338562012
2003-10-31,11.053956031799316,30.605499267578125,4.894492149353027,24.543428421020508,8.52823257446289,15.865071296691896,20.791257858276367,19.975135803222656,12.271598815917969,12.39755630493164,13.2485933303833,2.75,302.31842041015625,17.349109649658203,25.958032608032227,25.831279754638672,51.09999847412109,32.344181060791016,6.1605329513549805,28.93206024169922,8.234969139099121,33.71979904174805,13.201704978942873,8.645417213439941,14.807943344116213,39.52506637573242,4.930409908294678,14.82452392578125,8.680000305175781,44.09999847412109,7.922152042388916,8.97057819366455,14.829195022583008,70.05282592773438,32.109832763671875
2003-11-30,13.010597229003906,30.95371437072754,5.320160865783691,25.28316116333008,8.208250045776367,18.05634117126465,24.937423706054688,21.806442260742188,12.383230209350586,12.714385986328123,15.90982723236084,3.9922220706939697,309.45172119140625,20.50504302978516,27.52095031738281,28.91917991638184,56.70000076293945,34.30258560180664,6.974826812744141,29.6021785736084,10.09910488128662,36.27888488769531,14.009599685668944,8.819852828979492,15.153616905212402,36.16279983520508,5.123021125793457,15.667425155639648,9.220000267028809,46.65999984741211,8.332268714904785,10.401101112365724,18.44087600708008,72.32171630859375,31.67510032653809
2003-12-31,13.827296257019045,30.536108016967773,5.38690185546875,25.83857727050781,7.827393531799316,18.879621505737305,26.400053024291992,22.281003952026367,12.72555160522461,14.273619651794434,14.496903419494627,4.446667194366455,333.170654296875,20.76136589050293,29.230884552001957,28.861825942993164,57.369998931884766,33.102962493896484,7.053446292877197,28.011838912963867,10.604528427124023,38.14336013793945,14.750167846679688,8.597360610961914,16.857120513916016,39.739871978759766,5.4449872970581055,15.39382553100586,9.210000038146973,46.790000915527344,7.862138748168945,11.255044937133787,19.44376564025879,71.00997924804688,32.129371643066406
2004-01-31,13.471936225891112,28.658069610595703,5.363063335418701,25.827003479003903,8.0604829788208,19.709081649780277,26.04951286315918,20.537803649902344,11.83253002166748,13.319459915161133,15.18895149230957,4.433332920074463,339.18670654296875,19.8255558013916,28.807836532592773,28.62282371520996,58.790000915527344,31.59272575378418,7.547635078430176,27.520282745361328,10.669560432434082,38.913204193115234,13.532207489013672,8.399771690368652,17.395662307739258,40.47286987304688,5.582659721374512,13.655593872070312,7.199999809265137,49.08000183105469,7.702471256256103,11.184806823730469,19.94226455688477,69.88440704345703,32.01059341430664
2004-02-29,13.93449878692627,29.57073211669922,5.759101867675781,25.603944778442383,9.917440414428713,20.85423851013184,30.44951057434082,21.4149227142334,12.986016273498535,13.2339506149292,14.823307991027832,5.238889217376709,332.9384155273437,20.314119338989254,28.17327117919922,26.251922607421875,48.90999984741211,32.35652160644531,7.401630401611328,26.51351547241211,10.426528930664062,39.62527847290039,14.688963890075684,8.786033630371094,17.521482467651367,40.90117645263672,5.780064582824707,13.80138874053955,6.110000133514404,48.84999847412109,8.13980484008789,10.98898696899414,19.239641189575195,76.13278198242188,32.50315475463867
2004-03-31,14.05479335784912,29.589542388916016,5.830345153808594,25.179162979125977,9.829453468322754,20.674728393554688,30.49181365966797,20.85224151611328,12.092994689941406,12.969573974609377,14.3745698928833,5.052221775054932,313.5424499511719,20.75125503540039,27.06987953186035,24.17739486694336,48.709999084472656,33.01709747314453,7.227745532989502,25.66476249694824,10.39833927154541,40.56758499145508,13.587288856506348,9.514052391052246,17.273155212402344,36.74186325073242,5.901326656341553,13.621060371398926,5.110000133514404,35.790000915527344,7.709988594055176,10.141118049621582,17.895122528076172,68.96265411376953,31.316818237304688
2004-04-30,14.76930809020996,27.904003143310547,5.9418158531188965,26.61800193786621,10.22148323059082,21.046131134033203,35.82261276245117,22.498767852783203,12.242234230041504,14.384130477905272,14.376063346862791,5.5,331.7851257324219,19.811260223388672,25.41828346252441,25.162073135375977,53.880001068115234,34.242576599121094,6.788837909698486,25.479660034179688,9.234956741333008,40.730018615722656,14.695080757141112,9.870047569274902,16.637544631958008,40.069313049316406,5.974815368652344,13.730477333068848,6.230000019073486,38.84999847412109,8.818742752075195,11.171222686767578,16.653446197509766,67.8725357055664,31.841367721557617
2004-05-31,15.780643463134766,26.426610946655277,6.438314914703369,26.00359535217285,11.250168800354004,18.89818954467773,39.01382827758789,24.240177154541016,12.063298225402832,13.869853973388672,14.19436740875244,5.18222188949585,325.5876159667969,19.91440963745117,24.94555282592773,25.68788146972656,59.209999084472656,33.95374298095703,6.845838069915772,24.792503356933597,9.722548484802246,39.45530700683594,14.089166641235352,9.992867469787598,16.61756706237793,39.17156600952149,6.236525535583496,13.408367156982422,8.390000343322754,37.16999816894531,8.809821128845215,11.215106010437012,16.453227996826172,67.50914764404297,32.81346130371094
2004-06-30,16.489931106567383,27.95223426818848,6.925696849822998,26.68768882751465,13.627193450927734,18.93532943725586,36.825904846191406,24.99573516845703,13.682378768920898,13.88567352294922,14.230467796325684,8.266667366027832,311.3484802246094,22.504648208618164,24.862911224365234,26.672563552856445,55.20000076293945,34.631561279296875,7.6153564453125,24.93703269958496,10.438403129577637,38.67669296264648,19.68320846557617,10.138827323913574,17.57822036743164,44.9286994934082,6.441943645477295,12.843242645263672,7.46999979019165,45.470001220703125,9.293572425842283,12.245460510253906,18.08004570007324,72.8269271850586,34.68072891235352
2004-07-31,17.232624053955078,27.41845321655273,7.282288551330566,27.15867042541504,14.606163024902344,16.929752349853516,35.0671272277832,25.317140579223636,12.666650772094728,14.096529960632324,14.179383277893066,8.143333435058594,323.7967834472656,22.01317405700684,24.674938201904297,29.540586471557617,54.9900016784668,33.55723190307617,7.50664472579956,22.360300064086918,11.082562446594238,38.60958099365234,20.044307708740234,10.185108184814451,17.675321578979492,40.71173477172852,7.116185665130615,12.835392951965332,9.489999771118164,41.59999847412109,8.994935035705566,11.82652759552002,17.791805267333984,61.05690383911133,36.38014221191406
2004-08-31,18.13776397705078,28.22771644592285,6.484025001525879,26.004743576049805,12.747808456420898,17.913970947265625,33.99732208251953,25.157695770263672,12.218539237976074,13.901288986206056,14.94563102722168,9.858888626098633,325.6462097167969,20.76487922668457,22.84024429321289,28.861825942993164,58.52000045776367,33.12502670288086,7.218588829040527,24.41075134277344,11.741583824157717,38.206878662109375,19.59140968322754,9.69027042388916,17.831628799438477,33.82623672485352,6.43745756149292,12.52956771850586,12.510000228881836,36.20000076293945,9.003893852233887,12.17731761932373,19.34129905700684,56.519073486328125,35.64700698852539
2004-09-30,19.063432693481445,29.396656036376957,6.504413604736328,26.10630416870117,12.63630199432373,18.316326141357425,38.38524627685547,26.626853942871094,13.5482177734375,13.175315856933594,14.980252265930176,12.414443969726562,348.718505859375,22.9025936126709,22.52869033813477,29.49277687072754,58.41999816894531,35.58443069458008,7.9214372634887695,24.502025604248047,12.504112243652344,37.87338638305664,21.825349807739254,9.464213371276855,18.35688018798828,35.662933349609375,6.390086174011231,12.71646499633789,11.170000076293944,39.22999954223633,10.01866626739502,12.59939956665039,19.98980140686035,55.54414749145508,36.61195755004883
2004-10-31,20.24258804321289,28.175600051879883,6.287928581237793,25.4132137298584,16.38306999206543,17.920164108276367,39.5003776550293,29.994808197021484,14.251444816589355,11.218206405639648,15.84506130218506,15.252222061157228,334.568603515625,23.9340763092041,22.94844055175781,32.160037994384766,67.4000015258789,38.53687286376953,10.629131317138672,23.08758354187012,14.73097038269043,35.29123306274414,20.75427627563477,10.042707443237305,18.58139038085937,41.19880676269531,6.299638748168945,12.752506256103516,15.229999542236328,41.95000076293945,11.31895637512207,11.61049461364746,19.988718032836918,61.11006927490234,38.67962265014648
2004-11-30,21.101606369018555,28.693721771240234,6.45720100402832,26.411880493164062,15.120757102966309,19.56671142578125,37.48772811889648,30.827999114990234,13.726052284240724,10.62203884124756,15.896550178527832,10.022221565246582,336.62042236328125,24.584461212158203,24.11116981506348,33.096927642822266,57.310001373291016,39.91635513305664,10.980555534362791,23.75126266479492,14.876337051391602,35.558982849121094,22.03344345092773,10.82412338256836,18.44260025024414,38.16049957275391,6.320743560791016,13.574207305908203,16.3700008392334,42.72999954223633,10.621899604797363,11.745285034179688,20.91167449951172,61.313926696777344,40.268531799316406
2004-12-31,19.391939163208008,32.303653717041016,5.939431667327881,26.250953674316406,16.313705444335938,21.745603561401367,37.8056869506836,31.18425178527832,13.119174003601074,10.78690242767334,17.368457794189453,13.11111068725586,342.8635559082031,27.14436912536621,24.02349090576172,35.4582633972168,62.34999847412109,42.52556228637695,10.973759651184082,24.41839599609375,15.375161170959473,36.52737808227539,22.98209953308105,11.064953804016112,19.329517364501957,36.60831451416016,6.106299877166748,13.71921157836914,16.6299991607666,43.150001525878906,10.953828811645508,12.644554138183594,20.630393981933597,59.9135627746582,38.72218322753906
2005-01-31,18.509172439575195,33.306549072265625,6.043119430541992,28.240869522094727,16.156301498413086,20.278568267822266,34.609825134277344,28.652359008789062,12.705419540405272,12.599823951721191,18.57990455627441,12.365555763244627,361.6011657714844,25.23273277282715,24.912471771240234,35.12364959716797,66.41999816894531,40.46223449707031,11.375244140625,23.57466697692871,15.245129585266112,37.374732971191406,21.354076385498047,11.527331352233888,20.54179573059082,36.24504089355469,6.05914306640625,12.720840454101562,12.9399995803833,41.650001525878906,10.40896987915039,13.8893404006958,18.393198013305664,53.66520690917969,40.11723327636719
2005-02-28,17.88785171508789,32.08932113647461,6.300163745880127,29.03832244873047,17.932308197021484,19.303638458251957,26.28145217895508,29.301576614379883,12.232063293457031,11.694778442382812,19.68805885314941,12.777777671813965,353.8998107910156,24.632568359375,24.80069923400879,34.645660400390625,64.94000244140625,40.07437896728516,10.758478164672852,23.177196502685547,15.788090705871582,37.18855285644531,19.315980911254883,11.528388023376465,20.392013549804688,34.76717758178711,6.352872371673584,13.650140762329102,12.81999969482422,44.400001525878906,10.181370735168455,13.745762825012209,18.428464889526367,50.27068710327149,40.30290603637695
2005-03-31,18.843955993652344,30.89357566833496,6.925143241882324,28.882429122924805,19.51242446899414,18.272994995117188,27.527320861816406,30.665119171142575,11.841358184814451,11.136009216308594,19.82842254638672,10.577777862548828,354.3398742675781,22.750226974487305,26.03933334350586,35.38178634643555,65.88999938964844,41.40686798095703,11.415973663330078,23.92363548278809,15.156978607177734,38.82081985473633,17.406415939331055,11.044981956481934,20.299205780029297,37.57430648803711,6.62307596206665,13.954411506652832,13.65999984741211,40.68000030517578,9.7747220993042,12.702823638916016,15.952651977539062,56.049346923828125,40.75053787231445
2005-04-30,20.27811813354492,29.657302856445312,7.362614154815674,30.574922561645508,18.05620384216309,20.36213111877441,27.39091110229492,32.653709411621094,12.739265441894531,11.623462677001951,19.96539688110352,10.48888874053955,365.6454772949219,21.985774993896484,27.98876571655273,37.47542953491211,73.41000366210938,41.98564910888672,12.149106979370115,24.67633056640625,14.4580717086792,40.36323928833008,19.68320846557617,10.942927360534668,20.483997344970703,39.654884338378906,6.882856369018555,14.515559196472168,15.880000114440918,42.650001525878906,10.442678451538086,12.006284713745115,16.306562423706055,60.2680892944336,43.64076232910156
2005-05-31,23.50899887084961,32.53043365478516,7.887423992156982,30.339733123779297,18.683305740356445,21.12350845336914,31.905879974365234,34.443511962890625,13.108627319335938,11.402514457702637,21.247997283935547,11.020000457763672,371.64697265625,24.636131286621094,30.037208557128903,40.98396682739258,73.41999816894531,41.72170639038086,13.470637321472168,25.252817153930664,16.66328239440918,42.07363128662109,21.78862571716309,12.308147430419922,22.007349014282227,43.17205810546875,7.897086143493652,15.431760787963867,20.049999237060547,49.79999923706055,10.06666660308838,12.207066535949709,18.965961456298828,63.8221549987793,45.78940963745117
2005-06-30,22.019569396972656,32.03497314453125,8.40856647491455,30.196531295776367,20.50074005126953,21.792030334472656,32.43429946899414,36.13001251220703,13.61359691619873,12.571260452270508,21.526687622070312,11.29111099243164,371.0534973144531,25.187686920166016,33.311031341552734,41.901737213134766,78.94999694824219,42.2511100769043,12.67928695678711,24.98665809631348,16.480220794677734,41.37593078613281,20.682397842407227,12.726500511169434,22.37890243530273,42.81705093383789,8.312346458435059,15.127144813537598,21.51000022888184,50.040000915527344,10.503150939941406,12.270761489868164,19.241214752197266,64.66413879394531,45.99191665649414
2005-07-31,24.60481834411621,34.76512145996094,8.876567840576172,29.88716506958008,19.62319564819336,20.622114181518555,34.63362503051758,36.162391662597656,13.401944160461426,14.042790412902832,21.25899887084961,10.934444427490234,412.5061645507813,27.350696563720703,34.42790603637695,45.74488830566406,86.04000091552734,44.78253555297852,14.285443305969238,25.53243827819824,16.749113082885742,41.93461608886719,20.786338806152344,14.01109790802002,23.610916137695312,51.3442268371582,8.834793090820312,16.859766006469727,19.88999938964844,56.68999862670898,10.709580421447754,14.587260246276855,21.26031875610352,74.643798828125,48.855594635009766
2005-08-31,24.22885513305664,35.20829772949219,9.256211280822754,30.40867042541504,19.79248046875,20.1207218170166,34.35982894897461,34.94410705566406,14.076229095458984,14.469559669494627,19.33037376403809,12.344444274902344,380.6178894042969,27.408662796020508,33.23485565185547,43.268836975097656,70.91000366210938,45.35698318481445,13.992345809936523,25.775606155395508,15.7941255569458,39.73520660400391,20.623943328857425,13.248003005981444,23.303245544433597,51.41054534912109,9.28110408782959,16.369552612304688,19.84000015258789,54.2400016784668,11.0510892868042,15.67268180847168,21.14452743530273,74.68812561035156,49.64875793457031
2005-09-30,27.158546447753903,35.125038146972656,9.775357246398926,32.28175735473633,22.155271530151367,20.835670471191406,37.65778350830078,36.50497817993164,14.568937301635742,16.618188858032227,19.10655403137207,14.40666675567627,405.1763916015625,27.750049591064453,34.72106170654297,49.769676208496094,70.7699966430664,46.72759628295898,14.025071144104004,26.251293182373047,16.152610778808594,40.54972839355469,22.32582664489746,13.878252983093262,23.543832778930664,53.831031799316406,10.108710289001465,16.89087677001953,27.200000762939453,59.43000030517578,12.522500038146973,16.616628646850586,21.614782333374023,80.19205474853516,52.07405090332031
2005-10-31,28.335412979125977,36.09028625488281,9.912070274353027,33.11378479003906,27.133041381835938,22.63697052001953,37.85887145996094,34.6710319519043,14.520520210266112,17.70423126220703,18.037981033325195,15.292222023010254,415.88623046875,29.90785217285156,36.61871719360352,52.19792938232422,74.69999694824219,48.21348190307617,14.22618293762207,27.396015167236328,17.53726577758789,40.21139144897461,24.79419708251953,15.0923490524292,23.272729873657227,55.79560089111328,10.03961181640625,19.257726669311523,22.440000534057617,60.29999923706055,12.683725357055664,17.949626922607422,23.678016662597656,78.04718017578125,53.06211471557617
2005-11-30,26.373519897460938,37.83203125,8.629207611083984,31.78259658813477,24.19422912597656,19.182933807373047,31.82699012756348,32.22083282470703,16.755613327026367,16.91791343688965,12.75912094116211,23.62333297729492,355.4382019042969,28.814462661743164,35.8931884765625,49.913063049316406,74.16000366210938,48.52592849731445,14.900520324707031,24.10618019104004,16.198732376098633,38.45092391967773,24.78120994567871,16.117231369018555,23.06161117553711,51.750396728515625,9.126964569091797,19.03880500793457,14.890000343322754,58.2599983215332,11.349091529846191,18.47511100769043,24.920948028564453,68.9183578491211,44.393856048583984
2005-12-31,27.28458976745605,39.976192474365234,8.583587646484375,33.89147186279297,23.725975036621094,20.25999641418457,32.55012512207031,33.2488899230957,16.283594131469727,17.14936065673828,15.274503707885742,24.58666610717773,361.9764709472656,30.61289405822754,35.9791259765625,51.84419631958008,84.31999969482422,50.515357971191406,14.604763984680176,23.3220329284668,17.318437576293945,39.534950256347656,23.644458770751957,16.274553298950195,23.173429489135746,55.37284851074219,9.369539260864258,18.708255767822266,19.459999084472656,61.56999969482422,12.136463165283203,18.058385848999023,24.544851303100582,69.42353820800781,44.80598449707031
2006-01-31,26.882736206054688,39.542110443115234,8.869356155395508,32.57110595703125,26.03296661376953,23.00837516784668,31.285654067993164,39.83744430541992,14.804652214050291,12.573542594909668,14.996249198913574,36.31888961791992,323.5240478515625,28.27457046508789,37.57053756713867,56.22269821166992,96.58000183105467,53.57806396484375,18.2570915222168,20.68968772888184,19.733354568481445,41.69755554199219,23.93676376342773,20.838769912719727,26.78182983398437,58.85436630249024,10.895034790039062,20.776668548583984,22.0,76.9800033569336,10.450839042663574,22.62852096557617,24.70368385314941,61.58870697021485,46.176300048828125
2006-02-28,25.5352725982666,38.3266830444336,9.536653518676758,33.53424072265625,24.714040756225582,22.655542373657227,32.97278594970703,37.283203125,14.40206527709961,11.899020195007324,15.11343765258789,36.40888977050781,260.47760009765625,28.49807357788086,36.080963134765625,55.10419845581055,100.91000366210938,50.72146987915039,15.631074905395508,19.78351593017578,17.206430435180664,43.61148071289063,24.57334327697754,19.83125877380371,28.11969757080078,60.205528259277344,11.175861358642578,19.48685646057129,21.780000686645508,78.04000091552734,9.158352851867676,20.68055725097656,24.488250732421875,57.36992263793945,45.58401870727539
2006-03-31,23.76261138916016,37.162235260009766,9.151984214782717,32.53517532348633,26.906923294067383,20.33427619934082,34.889381408691406,35.40768814086914,13.583681106567385,12.234200477600098,14.039839744567873,35.88888931274414,230.2841644287109,28.84132957458496,34.80194091796875,55.14242172241211,103.62000274658205,50.6248893737793,18.685836791992188,16.901643753051758,17.30178451538086,42.94192886352539,23.865314483642575,19.80716323852539,27.37525749206543,62.2064323425293,10.858654022216797,19.70332908630371,24.149999618530277,79.06999969482422,9.994980812072754,20.725513458251957,23.35719871520996,58.62845993041992,43.103797912597656
2006-04-30,21.615398406982425,34.99663162231445,8.542917251586914,29.66204261779785,20.81019592285156,20.594261169433597,32.85975646972656,31.107816696166992,13.70605182647705,11.348360061645508,14.546388626098633,28.22222137451172,222.9085235595703,25.02281951904297,30.76714134216309,49.224754333496094,94.79000091552734,51.08838272094727,16.208681106567383,18.22660446166992,14.931093215942385,40.64997863769531,21.99454498291016,19.30245590209961,26.992244720458984,55.75432968139648,10.309152603149414,17.687015533447266,20.280000686645508,57.29999923706055,10.150854110717772,21.715391159057617,22.341289520263672,69.25513458251953,40.4190559387207
2006-05-31,19.59694480895996,34.059593200683594,7.935644626617432,31.66465950012207,23.614402770996094,19.805028915405277,30.802570343017575,30.8679256439209,14.70984935760498,11.53219985961914,13.511215209960938,31.324443817138672,187.6166229248047,24.16549491882324,31.1865291595459,53.46942138671875,94.44000244140624,50.83831024169922,15.249980926513672,15.401816368103027,11.943809509277344,40.15488052368164,19.88343048095703,20.555164337158203,26.84757804870605,54.2058219909668,9.725460052490234,16.54370880126953,19.770000457763672,59.61000061035156,9.890357971191406,18.497344970703125,22.341289520263672,66.72919464111328,38.12174987792969
2006-06-30,20.17984771728516,33.668701171875,7.714010715484619,32.8133544921875,20.256141662597656,20.464269638061523,31.32879638671875,33.47614288330078,14.970743179321287,12.764652252197266,16.079713821411133,36.03889083862305,169.49591064453125,24.59015464782715,32.0277099609375,54.33938980102539,88.94999694824219,50.32093811035156,14.65560245513916,14.352306365966797,12.27406406402588,42.040794372558594,19.376766204833984,20.185396194458008,27.489744186401367,54.1558952331543,10.120672225952148,16.60292625427246,19.190000534057617,55.70000076293945,10.516939163208008,18.46301651000977,21.82820701599121,69.00697326660156,38.78557586669922
2006-07-31,19.797016143798828,36.5029411315918,8.227555274963379,31.94557380676269,20.24281120300293,20.4178409576416,31.90844345092773,35.85036849975586,14.31850814819336,14.245193481445312,17.09798812866211,32.13999938964844,199.96083068847656,29.50422096252441,33.161956787109375,55.32406997680664,83.3499984741211,47.57887268066406,15.43169403076172,14.702194213867188,15.36661434173584,43.47951126098633,19.62360000610352,22.83724975585937,25.07526206970215,53.97272872924805,10.69332504272461,17.813926696777344,19.6200008392334,61.459999084472656,11.80866527557373,21.136302947998047,23.977182388305664,65.72767639160156,40.40243911743164
2006-08-31,19.108081817626957,33.35808563232422,8.779019355773926,30.16310310363769,23.142257690429688,13.741888999938965,35.77887725830078,31.27517509460449,14.692831039428713,11.982972145080566,13.885157585144045,29.933332443237305,134.32241821289062,29.624839782714844,28.559223175048828,53.27820587158203,80.88999938964844,43.498077392578125,14.477495193481444,7.087268352508545,14.15251636505127,41.99115753173828,23.085826873779297,28.21478271484375,24.507795333862305,52.34928894042969,10.650816917419434,16.38806915283203,14.4399995803833,64.5,9.900290489196776,19.08501625061035,25.14173889160156,60.31241226196289,34.05950927734375
2006-09-30,20.976146697998047,32.89466857910156,8.62586784362793,33.32890701293945,22.07147979736328,14.011153221130373,37.861305236816406,30.71063995361328,13.330526351928713,11.950887680053713,15.67137336730957,34.58777618408203,152.3826904296875,30.529172897338867,29.407371520996094,57.85748672485352,89.0999984741211,43.81668472290039,14.06092929840088,9.72584629058838,15.498589515686035,44.68659210205078,23.4235954284668,27.09624671936035,26.495954513549805,53.43990707397461,10.480284690856934,15.95207405090332,21.88999938964844,67.94000244140625,10.350893020629885,17.385896682739258,26.337648391723636,61.07463073730469,36.18072128295898
2006-10-31,18.37419319152832,31.42566680908203,8.060830116271973,35.460391998291016,17.884052276611328,13.528327941894531,36.59877014160156,28.414867401123047,11.682821273803713,9.601937294006348,19.22060775756836,26.77555656433105,167.2214813232422,25.033445358276367,29.027273178100582,52.58032989501953,99.12000274658205,39.59101867675781,12.714190483093262,8.359992980957031,17.750751495361328,45.50893783569336,19.266334533691406,18.76204490661621,26.88125228881836,51.866432189941406,8.229401588439941,15.038251876831056,21.82999992370605,58.18000030517578,9.643380165100098,14.13035488128662,22.599685668945312,57.21925735473633,32.47163772583008
2006-11-30,14.208218574523926,23.606369018554688,6.3734211921691895,31.87010765075684,13.053071022033691,9.935013771057127,28.791767120361328,15.255751609802246,9.968621253967283,7.028554916381836,18.215864181518555,19.198888778686523,112.68733215332033,18.80345344543457,23.45133209228516,38.81382751464844,85.37999725341797,30.664405822753903,9.035677909851074,7.622347831726074,12.535323143005373,40.29325866699219,14.414024353027344,15.896081924438477,22.5330867767334,44.50689315795898,7.728765487670898,14.12914752960205,19.299999237060547,43.79999923706055,8.070555686950684,9.737133026123049,16.287673950195312,41.15070343017578,13.254242897033691
2006-12-31,13.37356185913086,25.007301330566406,7.089845657348633,27.93596649169922,12.38393783569336,11.299915313720703,31.112472534179688,14.86849594116211,7.863759517669678,7.08986759185791,15.87236499786377,14.109999656677246,55.39425659179688,19.590309143066406,22.04326820373535,32.57112503051758,75.30999755859375,29.756208419799805,8.846384048461914,5.81029748916626,9.281719207763672,39.62799072265625,10.152823448181152,16.378868103027344,24.608306884765625,33.596946716308594,8.310785293579102,16.143512725830078,18.36000061035156,36.650001525878906,6.5032734870910645,9.433797836303713,12.628839492797852,35.82406997680664,14.484338760375977
2007-01-31,11.33829116821289,22.22334861755371,5.94303560256958,23.54302978515625,12.007144927978516,9.303628921508787,38.04048156738281,9.142024040222168,8.394436836242676,7.637011051177978,10.521512985229492,10.595556259155272,20.936092376708984,17.832319259643555,22.788578033447266,34.100730895996094,65.9000015258789,29.115392684936523,8.559814453125,2.062597751617432,10.734216690063477,35.128150939941406,9.983939170837402,15.839826583862305,21.310321807861328,28.626792907714844,8.458313941955566,14.591550827026367,13.859999656677246,36.95000076293945,7.181262969970703,8.853209495544434,11.651443481445312,32.34979248046875,5.186873435974121
2007-02-28,12.729530334472656,23.628061294555664,6.062694549560547,27.065156936645508,13.56456184387207,10.139284133911133,40.512916564941406,12.35568141937256,9.534520149230955,8.572320938110352,11.485078811645508,15.970000267028809,25.239164352416992,20.69209861755371,23.342205047607425,33.53669738769531,69.69000244140625,32.257774353027344,9.0909423828125,2.89611291885376,8.549229621887207,34.96788787841797,11.861204147338867,17.892335891723633,21.47345733642578,32.554141998291016,8.96851634979248,14.86623764038086,13.260000228881836,44.16999816894531,7.794674873352051,12.625632286071776,13.361109733581545,38.98813629150391,8.728248596191406
2007-03-31,15.201265335083008,27.127050399780277,6.427756309509277,30.168994903564453,13.877280235290527,9.312912940979004,38.47529983520508,12.174458503723145,8.641481399536133,10.285931587219238,11.17066764831543,18.184444427490234,24.57715606689453,20.134849548339844,24.67009925842285,38.97636413574219,75.4800033569336,30.75197029113769,11.084818840026855,5.022437572479248,9.43918514251709,38.26870346069336,13.192829132080078,17.413320541381836,25.746301651000977,33.42034149169922,9.558754920959473,15.057332992553713,17.920000076293945,51.470001220703125,7.769339561462402,14.893446922302246,15.956306457519531,37.75619125366211,13.36416244506836
2007-04-30,18.720293045043945,29.45906639099121,6.990476608276367,30.771469116210938,14.853716850280762,10.24141788482666,42.870872497558594,13.01542854309082,10.831281661987305,9.32341194152832,13.173255920410156,25.25777816772461,26.232187271118164,22.47457695007324,26.585193634033203,43.28794479370117,77.44000244140625,30.011451721191406,12.285359382629396,6.720161437988281,11.254621505737305,41.02433013916016,15.083080291748049,17.90663719177246,26.523168563842773,32.697105407714844,9.526815414428713,15.96163272857666,21.479999542236328,50.25,9.27841854095459,14.474772453308104,16.233474731445312,41.3013801574707,16.465072631835938
2007-05-31,19.70190048217773,30.38169479370117,7.30436897277832,30.751428604125977,14.32897663116455,10.612820625305176,39.2264404296875,14.99960994720459,10.390740394592283,9.812745094299316,11.781831741333008,24.745555877685547,41.375675201416016,21.78254127502441,26.856632232666016,43.22103500366211,86.26000213623047,33.15061950683594,12.975041389465332,7.738793849945068,12.47771167755127,41.05116271972656,16.681034088134766,17.560583114624023,26.618370056152344,34.866817474365234,9.522339820861816,15.44898796081543,22.729999542236328,50.27999877929688,9.266347885131836,12.939638137817385,16.804372787475586,41.96610641479492,19.61200714111328
2007-06-30,21.236597061157227,31.257362365722656,7.322041034698486,32.14891815185547,14.807074546813965,10.269275665283203,36.48014831542969,15.078457832336426,10.548412322998049,10.336527824401855,11.608686447143556,29.13888931274414,40.05166244506836,23.026552200317383,28.782773971557617,41.748783111572266,91.87999725341795,35.14739990234375,14.231893539428713,7.17329216003418,12.827969551086426,41.356815338134766,18.07761573791504,20.755041122436523,27.92914390563965,38.20549774169922,9.361313819885254,15.065743446350098,19.299999237060547,55.86000061035156,9.248895645141602,13.19694709777832,17.715944290161133,47.37249755859375,20.13261032104492
2007-07-31,22.8527774810791,35.59724426269531,7.934442520141602,34.58140563964844,15.246883392333984,8.95079517364502,36.498722076416016,15.66377067565918,9.75204372406006,9.869084358215332,10.45680332183838,31.17111015319824,34.01081466674805,24.51036071777344,30.899938583374023,45.15216827392578,96.69000244140624,37.50714111328125,13.973855018615724,7.137887001037598,13.38450527191162,43.01890182495117,18.7856502532959,20.65910148620605,30.99812126159668,42.47151565551758,8.88960075378418,15.908492088317873,18.350000381469727,58.77999877929688,9.276008605957031,13.175143241882324,17.435636520385742,52.442115783691406,17.80825424194336
2007-08-31,22.976333618164062,35.348777770996094,8.675870895385742,34.98917007446289,14.592504501342772,9.350054740905762,37.64894485473633,17.18360710144043,11.0433349609375,10.074348449707031,11.376432418823242,33.71444320678711,27.39069557189941,25.767724990844727,31.406709671020508,45.5919303894043,96.45999908447266,38.22579193115234,14.752620697021484,6.91113805770874,13.158258438110352,44.093692779541016,20.182233810424805,20.619779586791992,30.247026443481445,42.57112503051758,9.034996032714844,16.752975463867188,24.18000030517578,61.959999084472656,10.269362449645996,14.487857818603516,19.024900436401367,52.38892364501953,19.339561462402344
2007-09-30,24.23481750488281,35.11521911621094,8.708974838256836,35.39418411254883,14.91296100616455,10.269275665283203,39.0415267944336,18.506807327270508,10.72246551513672,15.761029243469238,12.74909210205078,38.68111038208008,33.51430130004883,27.484601974487305,36.595176696777344,49.176944732666016,103.5199966430664,45.19354248046875,13.833429336547852,9.61908721923828,14.862074851989746,44.97602081298828,22.33881187438965,22.433910369873047,31.56746482849121,48.48662185668945,8.356245994567871,15.91270351409912,26.489999771118164,67.54000091552734,10.080987930297852,16.6510066986084,22.155637741088867,52.46870422363281,23.872432708740234
2007-10-31,25.270627975463867,37.88825225830078,8.708974838256836,36.39447021484375,15.153340339660645,10.882089614868164,42.003177642822266,18.928037643432617,10.969233512878418,16.123157501220703,15.255799293518066,40.06222152709961,36.16234970092773,28.02341079711914,38.45295715332031,52.84801864624024,111.69000244140624,46.75121688842773,14.515310287475586,10.583831787109377,17.029693603515625,44.35519409179688,23.55352210998535,23.582653045654297,31.334020614624023,48.67304611206055,8.999432563781738,15.054373741149902,25.530000686645508,71.98999786376953,10.456873893737791,18.901371002197266,23.29037857055664,53.98427200317383,23.794282913208008
2007-11-30,18.880619049072266,30.82356071472168,8.09249496459961,33.55857467651367,14.771759033203123,7.195920944213867,46.79013442993164,16.108535766601562,9.621175765991213,13.521791458129885,13.874027252197266,35.06888961791992,31.11451911926269,23.828237533569336,32.74100875854492,46.89209747314453,86.48999786376953,37.817626953125,10.684956550598145,8.724712371826172,13.779427528381348,41.11267852783203,18.46735954284668,21.325658798217773,29.344453811645508,42.54684066772461,8.517614364624023,14.595973014831545,22.31999969482422,64.69999694824219,10.053071022033691,16.284666061401367,19.21805000305176,47.904273986816406,18.89385414123535
2007-12-31,21.141292572021484,30.808637619018555,9.21676254272461,33.4129638671875,14.598076820373535,7.121640205383301,50.790340423583984,16.356037139892578,8.353191375732422,13.54616355895996,11.361772537231444,29.447778701782227,30.700759887695312,24.97308921813965,35.264892578125,40.2669677734375,82.52999877929688,37.91754913330078,11.58367156982422,7.837332248687744,12.88089370727539,40.06692886352539,17.518985748291016,23.126617431640625,27.688093185424805,36.707916259765625,9.47304344177246,16.699338912963867,21.979999542236328,60.52000045776367,10.17031955718994,19.036577224731445,19.60552978515625,41.80656433105469,18.18595314025879
2008-01-31,23.46536064147949,35.36574935913086,9.79631519317627,33.97119140625,15.847698211669922,7.502326488494873,54.77220153808594,18.19858169555664,9.408416748046877,13.248445510864258,12.44538402557373,31.52666664123535,32.35579299926758,29.7681827545166,37.659297943115234,45.7735710144043,90.51000213623048,42.47858047485352,13.556851387023926,8.547311782836914,14.198126792907717,43.53816223144531,21.676254272460938,25.449893951416016,28.820518493652344,42.66854476928711,9.589406967163086,18.42978286743164,27.399999618530277,70.77999877929688,11.534672737121582,22.948562622070312,21.5931453704834,46.379859924316406,18.613954544067383
2008-02-29,25.04361915588379,35.824554443359375,9.85607624053955,33.38356399536133,16.144472122192383,8.690814018249512,61.59539031982422,20.283187866210938,10.068805694580078,13.12376308441162,13.07456874847412,28.92111015319824,34.755577087402344,31.5417423248291,40.763938903808594,48.62247467041016,93.3499984741211,43.54818344116211,13.953283309936523,8.490470886230469,16.07588768005371,43.62226867675781,22.748048782348636,28.95060539245605,28.90275001525879,42.70264053344727,9.011220932006836,18.36881446838379,28.81999969482422,76.87000274658203,12.45435619354248,26.315401077270508,21.809436798095703,43.658939361572266,18.59034538269043
2008-03-31,24.46687126159668,40.42019271850586,9.912832260131836,34.6380729675293,17.861663818359375,9.396479606628418,61.799747467041016,22.23288917541504,11.381070137023926,14.276131629943848,14.205476760864258,28.63888931274414,39.14140701293945,32.930694580078125,43.35806274414063,52.92449951171875,103.8499984741211,45.73687744140625,15.442325592041016,10.4370756149292,18.40154838562012,43.83487701416016,26.91180992126465,29.767475128173828,30.345067977905277,45.9332160949707,9.255102157592772,20.53221321105957,32.83000183105469,77.70999908447266,12.79829216003418,31.557540893554688,24.16822624206543,47.57635498046875,21.649812698364254
2008-04-30,26.543716430664062,40.488311767578125,10.183984756469728,34.10914611816406,22.04369735717773,8.904372215270996,59.735084533691406,23.52297019958496,12.709531784057615,13.63776683807373,13.7579927444458,35.87888717651367,39.88615417480469,33.51448440551758,44.49681854248047,54.75046920776367,108.87999725341795,48.92816162109375,15.87876319885254,10.57215690612793,20.38237953186035,42.3607177734375,27.171640396118164,28.34039306640625,29.18161392211914,49.23492813110352,9.516785621643066,20.70867156982422,33.68000030517578,76.38999938964844,13.643778800964355,29.39439010620117,24.009157180786133,52.43324661254883,22.489511489868164
2008-05-31,27.63714408874512,40.950042724609375,10.124939918518066,36.59893035888672,24.054262161254883,8.245131492614746,58.55796051025391,25.7209415435791,13.367011070251465,15.478937149047852,13.89193058013916,36.43888854980469,38.727638244628906,34.84967041015625,44.41880035400391,53.3642578125,114.16000366210938,47.41132354736328,17.295984268188477,10.380197525024414,21.56412696838379,43.938114166259766,27.334033966064453,28.85459899902344,29.846820831298828,54.11051940917969,9.874603271484377,21.46445846557617,36.27000045776367,83.05000305175781,13.808387756347656,33.847164154052734,24.87266159057617,55.25166702270508,24.73534393310547
2008-06-30,27.575721740722656,40.91876220703125,11.210210800170898,36.88593292236328,25.853490829467773,8.402979850769043,61.36124801635742,25.43106842041016,12.708012580871582,15.944217681884766,13.916496276855469,37.05110931396485,36.57609939575195,36.88622283935547,48.8121452331543,53.10613250732422,120.13999938964844,49.350921630859375,16.47113800048828,9.918130874633787,21.594112396240234,42.371952056884766,29.08788108825684,31.70291328430176,30.698272705078125,52.16096115112305,9.913018226623535,22.406295776367188,44.93999862670898,86.9000015258789,14.219905853271484,34.75428771972656,24.656782150268555,53.64746856689453,23.42527198791504
2008-07-31,28.567806243896484,43.66090393066406,12.46936321258545,39.22250747680664,26.39971160888672,10.66853141784668,58.06969451904297,26.35942268371582,11.277181625366213,15.837234497070312,11.79814624786377,38.77777862548828,34.060604095458984,38.46522521972656,50.19109725952149,62.57059097290039,124.43000030517578,51.780086517333984,15.9784574508667,9.325468063354492,20.18236351013184,48.539024353027344,32.394187927246094,31.486387252807617,33.510833740234375,53.53363037109375,10.421981811523438,21.74678039550781,60.02000045776367,98.55999755859376,14.916593551635742,31.622953414916992,26.05880355834961,60.05539321899414,22.92462921142578
2008-08-31,29.002716064453125,43.29756927490234,12.482266426086426,38.07316207885742,25.673564910888672,9.870015144348145,54.74976348876953,25.5399227142334,10.6470365524292,16.17030143737793,11.996018409729004,41.34555435180664,34.46617126464844,38.89789581298828,50.55306243896485,61.557220458984375,119.36000061035156,55.00000762939453,15.155899047851562,9.148307800292969,18.230688095092773,47.98358917236328,33.19967269897461,32.1678352355957,33.46488571166992,50.5076904296875,10.432870864868164,21.923450469970703,56.709999084472656,95.73999786376952,14.305283546447754,35.234012603759766,25.32474899291992,56.01386642456055,22.252904891967773
2008-09-30,26.491029739379883,35.6712532043457,13.04301929473877,37.68411636352539,22.1185302734375,8.607250213623047,56.83717346191406,19.404354095458984,9.331482887268066,14.579893112182615,12.48623752593994,42.37222290039063,25.70736122131348,31.66221618652344,45.658302307128906,52.51340866088867,100.33999633789062,43.73271942138672,11.934879302978516,7.620000839233398,15.922796249389648,47.887115478515625,23.94975471496582,28.394609451293945,34.67093276977539,42.03094100952149,10.40231227874756,21.57766532897949,59.02999877929688,79.87000274658203,12.515090942382812,31.13450813293457,21.57986068725586,50.42135620117188,16.235509872436523
2008-10-31,21.179479598999023,32.14228439331055,12.78880500793457,36.90018081665039,17.730979919433594,6.564536094665527,54.43764877319336,17.46489715576172,8.540116310119629,14.48808765411377,11.77226734161377,40.47555541992188,21.2116813659668,26.535627365112305,44.47084426879883,48.412147521972656,90.7699966430664,41.77107238769531,10.115300178527832,7.302801609039307,14.793741226196287,46.35150146484375,20.299156188964844,25.914945602416992,34.173824310302734,40.70838165283203,9.907136917114258,21.953502655029297,58.20000076293945,75.48999786376953,11.8666410446167,26.39826202392578,18.12632942199707,47.39909744262695,12.229448318481444
2008-11-30,23.613204956054688,37.57402038574219,13.584033012390137,37.60780334472656,21.38727188110352,6.880227565765381,60.96830368041992,21.433204650878903,10.155817985534668,16.107149124145508,12.976058959960938,48.206668853759766,26.154447555541992,30.34481811523437,47.90385437011719,48.05841827392578,99.5500030517578,46.23882293701172,13.089238166809082,8.68382453918457,17.306852340698242,46.86094665527344,24.07967185974121,29.560869216918945,35.046932220458984,41.382118225097656,10.343622207641602,22.36813735961914,55.29999923706055,80.12000274658203,13.800546646118164,33.35870361328125,19.5760498046875,46.64574432373047,14.954148292541504
2008-12-31,22.32658576965332,35.1092643737793,13.10234260559082,34.408714294433594,23.09531593322754,6.555250644683838,64.856689453125,20.036020278930664,8.950098991394043,16.84250831604004,12.884663581848145,48.24555587768555,22.75926780700684,31.209369659423828,42.92045974731445,45.171268463134766,94.3000030517578,46.11824798583984,13.287261009216309,8.741669654846191,16.98773193359375,47.538230895996094,24.358983993530277,31.4456729888916,35.48518371582031,42.17676544189453,10.270832061767578,22.82179450988769,59.41999816894531,80.0,13.443875312805176,28.74894142150879,17.918668746948242,44.80224609375,15.84118938446045
2009-01-31,24.07381820678711,41.28416442871094,12.160813331604004,34.66069030761719,25.928546905517575,6.360265254974365,71.87149810791016,23.077184677124023,10.195478439331056,15.588101387023926,13.796040534973145,51.101112365722656,25.442670822143555,34.83799362182617,44.410377502441406,50.57272338867188,101.55999755859376,46.91018295288086,14.809551239013672,9.466270446777344,20.029935836791992,48.41231155395508,27.58736038208008,34.78759002685547,35.41095733642578,48.082279205322266,11.087830543518066,23.07575035095215,90.86000061035156,86.56999969482422,14.210223197937012,32.54751968383789,22.78112030029297,53.84246826171875,16.976011276245117
2009-02-28,26.748947143554688,43.35498046875,12.97201442718506,36.94178009033203,28.137481689453125,7.669457912445068,80.05831146240234,24.496315002441406,10.233588218688965,15.84701156616211,13.231453895568848,56.8466682434082,27.604759216308597,35.93849563598633,45.38117599487305,54.12905883789063,101.91999816894533,48.7382698059082,16.334442138671875,9.902839660644531,20.241682052612305,48.224891662597656,28.33437728881836,37.148555755615234,36.37117004394531,46.52955627441406,11.135311126708984,23.35148811340332,104.79000091552734,89.5999984741211,14.023951530456545,36.1280632019043,25.650135040283203,53.84246826171875,19.576799392700195
2009-03-31,28.539295196533203,44.95063018798828,13.45122528076172,35.68569564819336,24.35980796813965,6.7038116455078125,86.14642333984375,26.23937225341797,10.016389846801758,15.293920516967772,15.578290939331056,64.24444580078125,27.372783660888672,37.41364669799805,48.17252731323242,53.32689666748047,107.98999786376952,51.565914154052734,16.3806095123291,10.41346836090088,21.030948638916016,48.23971176147461,27.460752487182617,41.528316497802734,38.86492156982422,47.519168853759766,12.040955543518066,25.06890296936035,135.25999450683594,84.11000061035156,13.751797676086426,34.47080612182617,26.288833618164062,55.9312858581543,19.58135414123535
2009-04-30,24.282611846923828,43.9870719909668,13.60094928741455,34.71829605102539,20.816925048828125,7.920154571533203,68.44795989990234,23.465744018554688,8.703107833862305,16.265941619873047,16.0693359375,58.12222290039063,21.96956825256348,34.321041107177734,45.10824203491211,48.37272262573242,99.61000061035156,48.324195861816406,14.45411491394043,9.769487380981444,19.6296501159668,46.71158599853516,26.471176147460938,38.328609466552734,38.61351776123047,44.80229568481445,12.339808464050291,25.851131439208984,135.64999389648438,79.77999877929688,12.195171356201172,31.291505813598636,25.336339950561523,53.90485000610352,16.340190887451172
2009-05-31,26.20644760131836,42.86653900146485,14.158974647521973,33.949607849121094,22.12060546875,9.192205429077148,65.88717651367188,23.93196678161621,9.174915313720703,12.604634284973145,22.099565505981445,53.5,22.483375549316406,33.137733459472656,44.84542465209961,53.484256744384766,96.20999908447266,54.45211791992188,14.70664119720459,10.176688194274902,19.38414764404297,51.79199981689453,24.994482040405277,41.20724105834961,42.42144012451172,45.48738861083984,13.389849662780762,28.339679718017575,134.64999389648438,77.4800033569336,13.122977256774902,29.26355743408203,24.405916213989254,52.52896499633789,15.909926414489746
2009-06-30,26.764986038208008,46.77138519287109,13.843761444091797,36.36036682128906,23.393123626708984,8.700098991394043,66.7982406616211,25.294004440307617,9.923534393310549,13.184229850769045,22.23672866821289,54.643333435058594,24.630693435668945,34.623043060302734,48.69114685058594,55.09830856323242,100.37999725341795,55.466041564941406,15.850774765014648,11.148701667785645,20.29512023925781,50.91115951538086,24.25685310363769,40.92096328735352,42.00653076171875,46.56272888183594,12.824365615844728,26.95848846435547,148.0500030517578,80.19000244140625,13.797118186950684,29.996234893798828,26.07755851745605,55.06938934326172,18.425369262695312
2009-07-31,29.199386596679688,48.690311431884766,14.712821006774902,37.5592041015625,25.27667808532715,9.2572021484375,66.68827819824219,25.580808639526367,8.99824333190918,14.152420997619627,24.36785888671875,60.24666595458984,30.997705459594727,37.126163482666016,52.28485107421875,58.79145812988281,101.3499984741211,56.95864868164063,16.2791748046875,10.768722534179688,22.068584442138672,53.470664978027344,23.554174423217773,40.38289642333984,41.70687103271485,46.16135025024414,13.348316192626951,28.334531784057617,142.3000030517578,81.80999755859375,12.443215370178224,28.705331802368164,29.6134033203125,57.38837432861328,19.735254287719727
2009-08-31,30.16356086730957,48.88084030151367,13.53329086303711,40.1298828125,26.08466911315918,9.40576457977295,68.76583099365234,25.319704055786133,9.190091133117676,16.267005920410156,22.30443382263184,58.77777862548828,28.66748046875,39.238677978515625,52.6165771484375,61.18893051147461,104.48999786376952,55.779911041259766,16.852672576904297,10.850248336791992,21.842927932739254,53.11328125,25.059438705444336,41.84669876098633,43.11351776123047,47.53040313720703,13.20795440673828,28.00448226928711,176.5500030517578,84.55000305175781,12.224446296691896,28.9146671295166,30.30275535583496,58.9614143371582,19.663604736328125
2009-09-30,29.45417594909668,48.574954986572266,13.20405101776123,40.412071228027344,25.92400932312012,9.66574478149414,68.0698013305664,27.43987846374512,9.798195838928224,16.462173461914062,22.287384033203125,54.48555755615234,32.80548095703125,40.61791610717773,54.11268997192383,61.55210876464844,105.0500030517578,56.51583862304688,17.594486236572266,11.340187072753906,22.376197814941406,53.39510345458984,26.859453201293945,44.25913619995117,41.53996658325195,48.34072113037109,13.300226211547852,27.46494674682617,171.07000732421875,87.12000274658203,13.096471786499023,31.234813690185547,30.3889274597168,59.7370719909668,20.61892509460449
2009-10-31,32.073875427246094,50.18852615356445,14.020302772521973,42.32957077026367,28.4183292388916,10.362126350402832,69.17059326171875,30.004148483276367,11.057226181030272,18.7702751159668,20.190750122070312,63.81999969482422,34.96988677978516,43.73291397094727,57.27617645263672,69.62010192871094,113.79000091552734,54.39168548583984,18.376766204833984,12.153397560119627,25.91875648498535,56.30477523803711,29.378759384155277,46.490234375,42.90853118896485,55.245262145996094,13.84999179840088,28.00347328186035,173.94000244140625,91.56999969482422,13.442070960998535,32.35126876831055,33.80921936035156,66.85244750976562,23.170928955078125
2009-11-30,33.09788131713867,49.12612533569336,14.84535026550293,44.09749603271485,28.46224403381348,10.482829093933104,71.82374572753906,29.282241821289062,11.818997383117676,19.28002166748047,20.14788818359375,56.65444564819336,34.81230163574219,44.644561767578125,59.34994888305664,71.22211456298828,123.1999969482422,55.38869094848633,18.180849075317383,11.817669868469238,25.48319625854492,58.436641693115234,27.21373176574707,45.57511520385742,45.72994613647461,56.32989883422852,13.94272518157959,29.878498077392575,167.0,92.72000122070312,14.79653549194336,32.45158767700195,32.782676696777344,67.1750717163086,23.618677139282227
2009-12-31,36.31104278564453,51.891387939453125,17.09674835205078,47.40663528442383,27.757051467895508,11.634177207946776,78.97686767578125,31.77121353149414,12.508651733398438,20.946928024291992,21.74841690063477,54.69889068603516,38.70245361328125,45.8125,63.057071685791016,78.01238250732422,119.75,63.87240219116211,21.540136337280277,12.79154109954834,24.12798500061035,65.43889617919922,27.265220642089844,46.01753616333008,47.995361328125,58.06739807128906,15.913758277893066,34.98095703125,215.13999938964844,92.4000015258789,14.776247024536133,34.09138870239258,29.465160369873047,68.69878387451172,27.29654693603516
2010-01-31,36.34626007080078,56.36840057373047,16.196882247924805,45.54228591918945,29.363258361816406,12.181995391845703,76.75483703613281,30.521562576293945,13.191957473754885,21.304445266723636,23.399066925048828,55.28111267089844,43.13284683227539,48.47161102294922,65.58946990966797,85.38044738769531,113.68000030517578,70.008544921875,23.047821044921875,13.6703519821167,25.61341857910156,65.11856842041016,29.9035758972168,47.54136657714844,46.49613571166992,58.78458404541016,14.79921817779541,31.45756149291992,241.8800048828125,96.70999908447266,14.940932273864746,35.35614776611328,30.1092586517334,70.54989624023438,28.62084007263184
2010-02-28,34.49687194824219,58.22985458374024,17.342817306518555,48.61758041381836,31.045307159423828,14.271135330200195,77.7238540649414,29.260971069335938,14.163997650146484,23.53715705871582,24.051902770996094,43.11111068725586,43.25729370117188,52.73019409179688,66.20850372314453,88.25446319580078,121.98999786376952,78.22535705566406,21.98900604248047,14.549160957336426,25.756446838378903,72.32816314697266,29.51206588745117,50.26680755615234,48.40791320800781,62.64418411254883,16.950016021728516,32.4320182800293,270.0599975585937,100.94000244140624,16.276119232177734,41.6187858581543,32.84104919433594,75.21662902832031,33.54776763916016
2010-03-31,35.746337890625,61.986026763916016,16.89441680908203,43.43263244628906,29.94771957397461,16.480979919433594,77.96138000488281,28.91278076171875,15.312623023986816,24.141042709350582,24.020702362060547,41.80777740478516,40.25343704223633,57.68056488037109,67.85865783691406,89.40956115722656,117.55999755859376,81.47918701171875,21.945016860961918,13.73943328857422,24.434520721435547,67.56543731689453,33.89192581176758,54.59427261352539,47.94703674316406,60.32493591308594,15.816446304321287,30.59017562866211,312.8699951171875,106.20999908447266,16.650564193725586,44.3342170715332,36.36695098876953,74.186279296875,33.80538558959961
2010-04-30,38.08701705932617,64.03406524658203,17.33845329284668,46.77532196044922,30.27399063110352,17.920164108276367,93.5197296142578,30.703510284423828,15.600878715515137,23.620323181152344,22.839500427246094,41.27777862548828,40.485599517822266,61.35091400146485,68.1472396850586,94.87213134765624,123.5199966430664,91.95706176757812,23.21769142150879,14.493012428283691,26.7683219909668,72.17945098876953,33.567874908447266,55.38593292236328,52.6196174621582,65.9209976196289,16.722105026245117,33.482398986816406,287.6000061035156,100.91999816894533,17.753990173339844,45.20277404785156,36.71677017211914,79.00015258789062,36.66252899169922
2010-05-31,40.90951919555664,68.67794036865234,16.47457504272461,45.50221633911133,30.465930938720703,18.746532440185547,104.4211883544922,28.618675231933597,15.535356521606444,28.630908966064453,24.912879943847656,42.67555618286133,43.2493782043457,65.52079772949219,71.21683502197266,108.19898986816406,123.61000061035156,98.56690979003906,25.207181930541992,16.099594116210938,30.69789695739746,71.8828125,37.90716171264648,57.544246673583984,53.00981903076172,67.3358383178711,17.024272918701172,32.574241638183594,275.239990234375,100.0,18.645999908447266,49.011680603027344,39.79580307006836,84.34686279296875,41.6762809753418
2010-06-30,36.85612869262695,64.42231750488281,16.63093376159668,43.19990539550781,28.299657821655277,16.51812171936035,108.31761169433594,30.02056312561035,14.779675483703612,32.002281188964844,21.797691345214844,45.28666687011719,39.37334442138672,64.08796691894531,71.79662322998047,111.88174438476562,127.12000274658205,99.37532043457033,23.025793075561523,16.09193992614746,29.944995880126957,69.43415069580078,38.543487548828125,53.86098098754883,50.03721237182617,69.54031372070312,18.278913497924805,32.177730560302734,288.5899963378906,108.2699966430664,18.691837310791016,47.18368911743164,42.15237808227539,85.0528335571289,38.89863204956055
2010-07-31,37.73483276367188,67.38737487792969,16.98014259338379,45.21908187866211,29.078487396240234,18.922950744628903,120.15796661376952,31.902647018432617,16.74884605407715,33.82156753540039,23.36567497253418,49.42555618286133,40.36950302124024,66.81133270263672,77.6858139038086,121.01570892333984,129.72000122070312,104.62580108642578,23.90949058532715,16.612518310546875,31.04493904113769,72.81902313232422,37.73481750488281,58.85588073730469,51.34473419189453,71.90614318847656,18.316455841064453,31.882890701293945,332.5,111.4000015258789,19.12858772277832,53.99324035644531,43.81527328491211,84.93516540527344,40.59939193725586
2010-08-31,38.47990036010742,66.77937316894531,17.00885772705078,47.08112716674805,30.831865310668945,21.1606502532959,119.40345764160156,31.881261825561523,18.038576126098636,37.73098373413086,23.443845748901367,48.665557861328125,39.51445007324219,64.87115478515625,79.57740783691406,116.97610473632812,128.1199951171875,106.65730285644533,25.79157829284668,17.668264389038086,32.99662780761719,77.64885711669922,37.06537628173828,58.49771118164063,53.0118293762207,73.28921508789062,19.164234161376957,31.876190185546875,300.2799987792969,108.41000366210938,20.05666732788086,54.01081466674805,43.56391143798828,85.8079833984375,41.036720275878906
2010-09-30,37.18017578125,69.98165130615234,17.777099609375,50.17431640625,31.37873077392578,17.678747177124023,114.48573303222656,31.725082397460938,16.83717918395996,35.98203659057617,21.107282638549805,40.18888854980469,39.77180480957031,66.63196563720703,81.94801330566406,110.90550231933594,123.20999908447266,105.04075622558594,24.543821334838867,15.859892845153809,29.3211612701416,80.0677261352539,35.90596389770508,58.83392333984375,55.2939338684082,69.94275665283203,20.01201438903809,31.66204833984375,296.8900146484375,98.54000091552734,19.964279174804688,54.71134567260742,40.6409797668457,87.82210540771484,39.417606353759766
2010-10-31,41.165260314941406,72.23710632324219,18.52337074279785,49.66178131103516,34.83576965332031,20.501405715942383,127.41236114501952,32.337196350097656,20.01967430114746,32.24229431152344,21.572227478027344,45.75555419921875,39.1075553894043,72.14517211914062,87.06526184082031,114.94036102294922,119.70999908447266,104.02096557617188,26.49818992614746,16.52951431274414,30.023948669433597,83.2763900756836,38.25238037109375,54.51041412353516,56.0169563293457,76.12458801269531,20.693214416503903,33.15266799926758,282.4700012207031,104.44000244140624,20.65609741210937,57.396728515625,45.35676956176758,94.42671966552734,41.798439025878906
2010-11-30,38.53905487060547,67.95536804199219,17.63854217529297,45.224735260009766,33.814781188964844,19.173643112182617,114.37081909179688,32.11683654785156,18.608081817626957,31.9588623046875,20.787155151367188,50.8388900756836,40.61854553222656,67.98974609375,84.31839752197266,118.34960174560548,114.98999786376952,107.18603515625,26.413957595825195,15.85594367980957,30.15415573120117,79.67056274414062,37.35333633422852,49.93915939331055,52.36028671264648,72.01683044433594,18.95868682861328,34.53007507324219,316.2200012207031,103.44000244140624,19.05219268798828,54.80818939208984,44.82425308227539,90.98095703125,42.69976425170898
2010-12-31,38.9522819519043,70.04650115966797,17.922218322753906,46.914794921875,32.98002243041992,20.761388778686523,123.1039810180664,29.92256736755371,19.272356033325195,33.88230895996094,20.91819190979004,51.31333160400391,43.03522109985352,64.89604187011719,80.43207550048828,118.68844604492188,113.4000015258789,115.20015716552734,27.88909912109375,15.599658012390137,31.80341148376465,85.41837310791016,38.03428649902344,43.9036750793457,53.86336135864258,73.17633819580078,19.09983253479004,34.235591888427734,360.5199890136719,99.12000274658205,20.1398983001709,46.41800308227539,42.28336715698242,91.6141357421875,43.669654846191406
2011-01-31,39.66557312011719,75.54766082763672,17.980810165405273,48.71217346191406,31.05858612060547,23.407629013061523,138.8439178466797,33.057708740234375,19.700439453125,34.72571563720703,23.300819396972656,55.0888900756836,44.46376800537109,67.45806884765625,83.17521667480469,114.66062927246094,112.81999969482422,120.62095642089844,28.58844757080078,15.576279640197754,33.3170051574707,86.37200164794922,36.8995246887207,44.02650833129883,55.54476165771485,79.3204345703125,20.38970184326172,34.79889297485352,393.7200012207031,110.8000030517578,18.38304328918457,50.3089599609375,42.181884765625,101.35411071777344,44.771278381347656
2011-02-28,39.94889450073242,78.9709243774414,17.32347297668457,50.21710586547852,24.9826717376709,25.37408828735352,150.54025268554688,34.42192459106445,22.323610305786133,34.58546829223633,23.828832626342773,58.77111053466797,44.9455451965332,70.09657287597656,85.41617584228516,122.33370971679688,120.55999755859376,129.5061798095703,28.089948654174805,15.98106288909912,34.11198043823242,84.34539794921875,38.20391845703125,43.89523696899414,57.46323776245117,85.79212188720703,21.77760124206543,32.39585876464844,410.25,112.72000122070312,19.393125534057617,48.59307098388672,42.48304748535156,103.54114532470705,47.150482177734375
2011-03-31,37.13450622558594,81.41472625732422,15.256793022155762,50.99430847167969,23.22701835632324,29.624608993530277,141.5330352783203,35.14393615722656,20.293554306030277,33.12105178833008,28.787277221679688,56.114444732666016,42.80328750610352,68.54657745361328,99.32371520996094,131.3241424560547,135.17999267578125,142.01913452148438,28.390361785888672,14.882665634155272,33.915565490722656,81.7112045288086,38.96380233764648,44.18994522094727,57.8900260925293,84.21783447265625,21.47453117370605,34.075439453125,451.4800109863281,124.31999969482422,21.171525955200195,53.59609603881836,49.76202774047852,107.4822769165039,47.15143585205078
2011-04-30,37.30815887451172,78.43101501464844,15.67540168762207,48.96845245361328,27.666034698486328,26.7742919921875,135.20755004882812,32.433109283447266,17.80183982849121,34.15879440307617,30.35764503479004,55.10889053344727,44.29876327514648,68.08910369873047,97.08174896240234,122.85856628417967,134.4499969482422,135.91343688964844,29.62784194946289,15.79062271118164,33.7662353515625,80.57408905029297,38.79501724243164,45.77999877929688,56.48371505737305,84.20870208740234,20.830602645874023,35.74272155761719,457.4599914550781,125.19000244140624,20.634660720825195,52.46178436279297,49.94711685180664,100.45828247070312,46.519832611083984
2011-05-31,35.583580017089844,77.33448028564453,14.403470993041992,48.85990905761719,23.790027618408203,26.99417304992676,150.6666717529297,30.20526695251465,17.375158309936523,36.9520263671875,32.93006896972656,53.83333206176758,45.93739318847656,71.32971954345703,92.847900390625,126.99324035644533,150.61000061035156,140.66961669921875,26.99526596069336,16.53845977783203,35.69322967529297,79.73804473876953,36.26924133300781,40.68828582763672,54.91379928588867,87.56197357177734,20.38746833801269,33.028709411621094,510.1300048828125,128.3800048828125,20.68627548217773,50.47835540771485,51.291778564453125,100.09659576416016,48.768009185791016
2011-06-30,33.057960510253906,75.37984466552734,14.638103485107422,51.563941955566406,18.833026885986328,27.85649871826172,164.77899169921875,33.06296157836914,15.693696022033691,38.44293212890625,33.33706283569336,59.24111175537109,48.65642166137695,69.29850006103516,98.20008087158205,136.5549774169922,150.74000549316406,153.42149353027344,27.794538497924805,16.737045288085938,35.34576797485352,81.98798370361328,38.497291564941406,37.583438873291016,57.42682647705078,93.70055389404295,21.878623962402344,33.546749114990234,553.6599731445312,133.49000549316406,18.68437957763672,44.14634704589844,51.63279724121094,95.3680191040039,46.53919982910156
2011-07-31,29.45098304748535,71.21781158447266,14.276023864746094,52.03591537475586,15.687813758850098,25.38472366333008,165.7626953125,30.93801689147949,14.631512641906738,36.73541259765625,32.26399230957031,56.772220611572266,44.51154708862305,65.47034454345703,93.06877136230467,122.6968994140625,139.3300018310547,145.91073608398438,24.73880195617676,15.823537826538086,31.74529838562012,77.47903442382812,34.13520050048828,32.75968170166016,53.02821731567383,90.38388061523438,20.624494552612305,32.987525939941406,513.5,121.37999725341795,18.53609085083008,38.87000274658203,47.49593353271485,94.9006805419922,41.96957015991211
2011-08-31,27.150495529174805,69.8132553100586,13.831337928771973,52.24789810180664,13.97294807434082,21.577014923095703,179.3304443359375,32.01002883911133,13.358417510986328,37.4478759765625,32.19303131103516,51.06444549560547,41.29054641723633,64.98726654052734,88.19513702392578,119.8200454711914,134.30999755859375,147.8800811767578,22.650041580200195,15.12331485748291,29.84299659729004,76.95964050292969,32.367488861083984,26.38207626342773,53.57699203491211,86.52320098876953,20.44426155090332,31.195114135742188,465.1400146484375,118.20999908447266,18.944602966308597,37.044063568115234,44.84209442138672,86.27688598632812,39.217864990234375
2011-09-30,30.54613494873047,79.7114486694336,13.182442665100098,54.38386535644531,15.933910369873049,27.429048538208008,153.97268676757812,35.17810821533203,17.165340423583984,43.57412338256836,33.897891998291016,57.77999877929688,45.06042098999024,72.12682342529297,102.50144958496094,135.6157684326172,139.72000122070312,166.77737426757812,24.63901138305664,16.5308837890625,35.31491470336914,84.07962799072266,39.429298400878906,33.430782318115234,55.767276763916016,88.69315338134766,21.089988708496094,33.009315490722656,544.5,132.82000732421875,21.393068313598636,38.13915252685547,51.9433708190918,92.78002166748048,45.62741088867188
2011-10-31,26.95977210998535,79.07281494140625,14.279033660888672,57.15169525146485,11.45676040649414,30.49665069580078,142.4674835205078,35.65767288208008,17.07389259338379,46.476165771484375,27.936716079711918,60.68444442749024,43.11104965209961,70.12228393554688,102.6664810180664,139.15084838867188,138.66000366210938,168.96995544433594,24.485429763793945,16.177865982055664,34.976200103759766,85.30876159667969,39.52765274047852,30.569562911987305,56.565391540527344,85.80366516113281,21.94110679626465,33.56855773925781,542.8699951171875,134.5800018310547,20.622058868408203,38.62159729003906,52.34398651123047,94.43449401855467,41.70272064208984
2011-11-30,26.24952888488769,80.41231536865234,14.69383144378662,58.92893981933594,7.524296760559082,27.834590911865234,140.5081024169922,31.952335357666016,17.35012435913086,56.55607604980469,26.280824661254883,62.56222152709961,32.404476165771484,69.1032485961914,88.6360855102539,126.7317123413086,134.63999938964844,172.7489013671875,19.757465362548828,12.28230094909668,26.45087242126465,88.0099105834961,35.31112289428711,29.405540466308597,56.07451248168945,92.21078491210938,24.006946563720703,37.297245025634766,384.0199890136719,120.30999755859376,19.88100814819336,29.313140869140625,46.24507522583008,89.11398315429688,30.47276306152344
2011-12-31,28.727489471435547,87.87652587890625,16.499996185302734,60.94314193725586,10.209583282470703,33.32190704345703,151.8296356201172,37.07213592529297,19.474071502685547,58.22437286376953,27.52335929870605,66.78333282470703,34.82334518432617,76.2011489868164,98.10741424560548,139.0469512939453,136.72000122070312,177.85353088378906,22.735126495361328,13.536229133605955,28.846370697021484,90.51109313964844,37.67464065551758,31.666202545166016,60.35443115234375,99.4113540649414,25.181549072265625,39.760196685791016,360.4400024414063,131.9199981689453,21.538877487182617,34.44382858276367,48.3978271484375,98.37960052490234,32.700042724609375
2012-01-31,27.47686767578125,90.95614624023438,17.980606079101562,59.60319900512695,12.027280807495115,28.32539367675781,145.6746063232422,39.88317108154297,22.55158042907715,55.83740997314453,31.47221946716309,70.52333068847656,38.88474655151367,76.93589782714844,111.24073791503906,149.0441131591797,148.85000610351562,191.1274261474609,23.419269561767575,15.30429458618164,33.97218704223633,94.94010162353516,43.510498046875,37.25112915039063,60.47853469848633,102.9971923828125,25.748401641845703,37.81724548339844,398.9299926757813,137.5500030517578,23.26728057861328,30.64350128173828,53.64949035644531,112.661865234375,38.49636459350586
2012-02-29,24.693870544433597,89.85270690917969,19.15377426147461,65.43768310546875,13.812507629394531,25.720102310180664,153.111328125,41.50338363647461,22.136011123657227,58.47256851196289,31.6425838470459,73.48999786376953,35.394561767578125,75.79117584228516,109.19613647460938,145.24964904785156,143.02000427246094,200.60694885253903,19.048662185668945,14.381144523620604,29.997190475463867,102.19392395019533,42.1706657409668,36.46809768676758,62.874996185302734,111.3993148803711,27.95197486877441,41.48752212524414,349.2300109863281,140.64999389648438,22.85307502746582,26.582319259643555,51.36631393432617,111.29093933105467,32.5518913269043
2012-03-31,27.01008033752441,102.52488708496094,18.138877868652344,66.30130767822266,13.868818283081056,27.38699150085449,149.08534240722656,44.94789123535156,27.65175437927246,66.28997039794922,32.656585693359375,76.26889038085938,40.006195068359375,86.60417938232422,120.03173065185548,149.6044158935547,148.80999755859375,192.20079040527344,23.482322692871094,16.482311248779297,35.39424514770508,101.21337127685548,44.66134643554688,36.964202880859375,64.18994140625,107.52269744873048,26.10658836364746,39.27221298217773,392.5499877929688,157.30999755859375,28.03861427307129,31.0865421295166,52.24643325805664,119.82405853271484,40.59657669067383
2012-04-30,26.459453582763672,103.94667053222656,18.752384185791016,62.47857666015625,14.598271369934082,24.99098777770996,141.3188018798828,45.68437957763672,27.93901252746582,65.50048065185547,32.43180465698242,80.53666687011719,39.57881546020508,86.72467041015625,124.39840698242188,156.51806640625,163.80999755859375,193.90463256835935,23.542556762695312,16.833194732666016,35.54203796386719,100.1871566772461,44.87711715698242,38.19701385498047,64.01725769042969,108.5701675415039,26.40447998046875,39.00953674316406,402.0199890136719,158.49000549316406,28.142784118652344,31.80065155029297,55.052520751953125,120.43472290039062,39.7090950012207
2012-05-31,25.038663864135746,98.50821685791016,18.405271530151367,60.59138870239258,12.169841766357422,21.86949920654297,132.75172424316406,44.5068588256836,26.947484970092773,62.14958190917969,33.672603607177734,74.67555236816406,41.187774658203125,80.42912292480469,113.79185485839844,144.68031311035156,158.0800018310547,207.5446014404297,21.148393630981445,17.90275764465332,36.708251953125,98.37223052978516,41.52253341674805,37.05127716064453,61.953834533691406,107.58155822753906,27.630590438842773,36.50938415527344,345.0199890136719,139.13999938964844,27.422679901123047,32.397254943847656,49.99593353271485,97.6297378540039,41.7106819152832
2012-06-30,29.204326629638672,108.5784683227539,19.4802303314209,58.4786262512207,16.73200798034668,25.06425666809082,160.8411407470703,43.43173599243164,29.93416976928711,50.02664566040039,38.61891555786133,71.52666473388672,47.41118240356445,87.10055541992188,105.32576751708984,137.8709259033203,173.5,226.2598419189453,23.794084548950195,21.407615661621094,43.92534255981445,95.04685974121094,41.91328048706055,44.34458160400391,56.63185119628906,106.00537109375,24.84718513488769,37.87563705444336,379.239990234375,134.57000732421875,30.138193130493164,32.3081169128418,49.82892227172852,94.35072326660156,54.46434783935547
